gene_id,upstream_sequence,best_score,best_position,best_subsequence,has_promoter
gene-NCTC11427_00001,AGATTGACACG,-17.88415538175122,2,ATTGAC,False
gene-NCTC11427_00003,GAAAAGGAGAG,-17.34773620203283,0,GAAAAG,False
gene-NCTC11427_00004,GGAGAATGAGA,-17.111347423968606,1,GAGAAT,False
gene-NCTC11427_00005,TGAAAGGAAAA,-17.56284758164978,0,TGAAAG,False
gene-NCTC11427_00006,AGGTATAACGG,-8.648221453822641,3,TATAAC,True
gene-NCTC11427_00007,TTTGAGGTAAT,-17.249497762449423,5,GGTAAT,False
gene-NCTC11427_00008,CACGGGTAGAA,-18.220627618372433,5,GTAGAA,False
gene-NCTC11427_00009,TTCCGAGGTAA,-18.082826076546706,5,AGGTAA,False
gene-NCTC11427_00010,AAAGGGAAGAG,-26.047250950243026,5,GAAGAG,False
gene-NCTC11427_00011,CTATGAGGTTC,-17.34773620203283,1,TATGAG,False
gene-NCTC11427_00012,TAGATAGGTAA,-9.830011248969658,0,TAGATA,True
gene-NCTC11427_00014,GAGTTGAAAAA,-9.004896397761371,5,GAAAAA,True
gene-NCTC11427_00015,CTCAAACTTTT,-9.832514379187776,3,AAACTT,True
gene-NCTC11427_00016,TCTTGAGAGGT,-18.28360241753382,2,TTGAGA,False
gene-NCTC11427_00018,TATTACTCAGA,-9.079004369915095,0,TATTAC,True
gene-NCTC11427_00019,GTCGCTTAGCT,-18.26590284043442,5,TTAGCT,False
gene-NCTC11427_00020,AAAGGGAATTT,-10.060773031168756,5,GAATTT,False
gene-NCTC11427_00021,GGTGAAATTCC,-8.914626127827136,2,TGAAAT,True
gene-NCTC11427_00022,GAAAAGAGAAG,-9.37575597669206,1,AAAAGA,True
gene-NCTC11427_00024,AAAAAGAGGAA,-8.850745717934116,0,AAAAAG,True
gene-NCTC11427_00025,TAATCGCGGAT,-18.129175989738457,0,TAATCG,False
gene-NCTC11427_00026,GTCAAGAATGC,-8.614356939869884,3,AAGAAT,True
gene-NCTC11427_00027,TTTGAGGAGGG,-17.8639526744337,0,TTTGAG,False
gene-NCTC11427_00028,ATACCGGAGGA,-26.93432700157458,0,ATACCG,False
gene-NCTC11427_00029,AAAAGGAGGAA,-17.718595780963522,0,AAAAGG,False
gene-NCTC11427_00030,TTTTCGGAGGT,-18.463070905345372,0,TTTTCG,False
gene-NCTC11427_00031,GCAAGGGGGAT,-34.54316674321198,5,GGGGAT,False
gene-NCTC11427_00032,GTATATGAGAG,-9.578696820688752,1,TATATG,True
gene-NCTC11427_00033,AAAAGAGGAAG,-9.37575597669206,0,AAAAGA,True
gene-NCTC11427_00035,TAAAGGAGAAA,-17.416729073519786,5,GAGAAA,False
gene-NCTC11427_00036,GAAGGAGGAGA,-25.96209314190272,1,AAGGAG,False
gene-NCTC11427_00037,AAATAGGAGTC,-9.28152863402657,0,AAATAG,True
gene-NCTC11427_00038,GAAAAAGGAGA,-8.850745717934116,1,AAAAAG,True
gene-NCTC11427_00039,TAGAAAGAGGA,-8.899535882103546,0,TAGAAA,True
gene-NCTC11427_00040,AAGGCGAACTT,-18.329504863286495,5,GAACTT,False
gene-NCTC11427_00041,AAGGAATAAGA,-8.66842416114016,4,AATAAG,True
gene-NCTC11427_00042,TAAAAGGTATA,-8.830543010616596,0,TAAAAG,True
gene-NCTC11427_00043,GGAAGAGGAAA,-17.65204316045425,5,AGGAAA,False
gene-NCTC11427_00044,AAGTGTCATCA,-17.431819319243377,3,TGTCAT,False
gene-NCTC11427_00045,ATGAAAGGAAA,-9.435955061821932,0,ATGAAA,True
gene-NCTC11427_00046,AAAAGAGGTTG,-9.37575597669206,0,AAAAGA,True
gene-NCTC11427_00048,CAGAGGAGTCA,-26.214511573932477,3,AGGAGT,False
gene-NCTC11427_00049,TGAACAGAGGG,-17.787588652450474,2,AACAGA,False
gene-NCTC11427_00050,GGAGAAAAACA,-8.850745717934116,4,AAAAAC,True
gene-NCTC11427_00051,CAAGGAGGTTT,-18.707919793861635,5,AGGTTT,False
gene-NCTC11427_00052,ATCGAGGTGAA,-26.254394160210794,5,GGTGAA,False
gene-NCTC11427_00053,GTCAGAGGTAA,-18.082826076546706,5,AGGTAA,False
gene-NCTC11427_00054,AAAGGGGGAAA,-26.14903364455297,5,GGGAAA,False
gene-NCTC11427_00055,TAGGAGGTCAT,-25.9418904345852,0,TAGGAG,False
gene-NCTC11427_00056,GTGGGGAAATC,-17.431819319243377,4,GGAAAT,False
gene-NCTC11427_00057,ATGGGCGCATA,-27.079509011419077,5,CGCATA,False
gene-NCTC11427_00058,GATTAGAGGAA,-9.709650892298974,1,ATTAGA,True
gene-NCTC11427_00059,AATAAGGAAGT,-8.66842416114016,0,AATAAG,True
gene-NCTC11427_00060,TCAAAGGAGAG,-17.56284758164978,0,TCAAAG,False
gene-NCTC11427_00061,AAAAGGAGACA,-17.718595780963522,0,AAAAGG,False
gene-NCTC11427_00062,GAGACGGGAAA,-26.14903364455297,5,GGGAAA,False
gene-NCTC11427_00063,AGGGAGAAATG,-8.934828835144655,4,AGAAAT,True
gene-NCTC11427_00064,CTGTGGTGATT,-18.55803926323558,5,GTGATT,False
gene-NCTC11427_00065,AAAGAGAGGAT,-17.550260466144305,0,AAAGAG,False
gene-NCTC11427_00066,ACAGGAGGAGT,-26.214511573932477,5,AGGAGT,False
gene-NCTC11427_00067,ACCAAGGATAA,-17.31387168808008,3,AAGGAT,False
gene-NCTC11427_00068,CAGAAGGAGTC,-25.759568877791246,0,CAGAAG,False
gene-NCTC11427_00069,TATGTGGAGGT,-18.278211568898943,0,TATGTG,False
gene-NCTC11427_00070,GTGTGAGGTGA,-26.080040773066017,1,TGTGAG,False
gene-NCTC11427_00071,GGAGAGGAAAA,-17.65204316045425,4,AGGAAA,False
gene-NCTC11427_00072,CCAAGGAGGAA,-25.96209314190272,2,AAGGAG,False
gene-NCTC11427_00073,CAGAAGGTGAG,-25.759568877791246,0,CAGAAG,False
gene-NCTC11427_00074,AGGTGTGAAGA,-17.737200968794557,3,TGTGAA,False
gene-NCTC11427_00075,TAGAGGAGGTG,-26.110225749404414,0,TAGAGG,False
gene-NCTC11427_00076,TGGTAGAATGT,-8.594154232552365,3,TAGAAT,True
gene-NCTC11427_00077,AAGAAAGGAAA,-8.919738589421065,0,AAGAAA,True
gene-NCTC11427_00078,TCTAAGGAGAA,-17.380526024855826,0,TCTAAG,False
gene-NCTC11427_00079,TCGAAGGAGTG,-25.96209314190272,3,AAGGAG,False
gene-NCTC11427_00080,ACCAAGAGGTA,-25.99488296472571,0,ACCAAG,False
gene-NCTC11427_00081,CAGGAGGACAT,-26.13133406745357,5,GGACAT,False
gene-NCTC11427_00082,GAGAGAAGGAA,-17.61925333763126,5,AAGGAA,False
gene-NCTC11427_00083,CAGAGAGGAAA,-17.65204316045425,5,AGGAAA,False
gene-NCTC11427_00084,TTGAAAGAAAA,-8.919738589421065,4,AAGAAA,True
gene-NCTC11427_00085,AGGAGGGGATG,-34.54316674321198,4,GGGGAT,False
gene-NCTC11427_00086,GAAAGGAATAT,-9.130297664302644,5,GAATAT,True
gene-NCTC11427_00087,TTGGGATGGTC,-26.025973551795744,1,TGGGAT,False
gene-NCTC11427_00088,TCGGAGAATTC,-9.865304202010767,4,AGAATT,True
gene-NCTC11427_00089,TAGAAGGGAGA,-17.24237568637501,0,TAGAAG,False
gene-NCTC11427_00090,AAAGGAGAAAT,-8.934828835144655,5,AGAAAT,True
gene-NCTC11427_00091,AATGGGAGGGA,-26.23578897237976,0,AATGGG,False
gene-NCTC11427_00092,CGTGGAGGGAC,-34.6943977129359,5,AGGGAC,False
gene-NCTC11427_00093,TAAAGAGGATT,-9.355553269374541,0,TAAAGA,True
gene-NCTC11427_00094,AAGGAGAAAAA,-9.004896397761371,5,GAAAAA,True
gene-NCTC11427_00095,AGAGGAGGATG,-25.810862172178798,4,GAGGAT,False
gene-NCTC11427_00096,AAAAGGAGAAA,-17.416729073519786,5,GAGAAA,False
gene-NCTC11427_00097,GAAAGAGGTTA,-17.550260466144305,1,AAAGAG,False
gene-NCTC11427_00098,AAATAGGAGAA,-9.28152863402657,0,AAATAG,True
gene-NCTC11427_00099,ACTCAGGAGGA,-26.10024348038354,0,ACTCAG,False
gene-NCTC11427_00100,AAGAGGAGAGA,-26.130428456721933,0,AAGAGG,False
gene-NCTC11427_00101,TACAAGTAGAA,-17.24237568637501,0,TACAAG,False
gene-NCTC11427_00102,TAGGGAGGTAT,-17.777444426995526,5,AGGTAT,False
gene-NCTC11427_00103,AAATGGGTGAA,-18.149378697055976,0,AAATGG,False
gene-NCTC11427_00104,TTTTGGAGGCG,-18.388962933191646,1,TTTGGA,False
gene-NCTC11427_00105,AAATAGGAGAT,-9.28152863402657,0,AAATAG,True
gene-NCTC11427_00106,TTTAGAAAGAT,-8.899535882103546,2,TAGAAA,True
gene-NCTC11427_00107,TGGAGGACGTC,-34.45908362600144,2,GAGGAC,False
gene-NCTC11427_00108,ATGAAAGGAGT,-9.435955061821932,0,ATGAAA,True
gene-NCTC11427_00109,TAGGAGGAATA,-17.346661510903072,4,AGGAAT,False
gene-NCTC11427_00110,ACATGAGGTGC,-18.5388434638177,0,ACATGA,False
gene-NCTC11427_00111,AGGAGACACAT,-17.634343583354852,5,ACACAT,False
gene-NCTC11427_00112,TGCTAGACTTA,-17.462004295581774,3,TAGACT,False
gene-NCTC11427_00113,AAGGAGGAAAC,-17.65204316045425,4,AGGAAA,False
gene-NCTC11427_00114,TTATAGGAGAA,-9.777542399109917,0,TTATAG,True
gene-NCTC11427_00115,AAGGAGAAAAG,-9.240210484695837,4,AGAAAA,True
gene-NCTC11427_00116,AAAGCGAGGAC,-26.418110529173713,0,AAAGCG,False
gene-NCTC11427_00117,TGTTACAATAA,-8.594154232552365,3,TACAAT,True
gene-NCTC11427_00118,AACCAGGAGGC,-25.96209314190272,0,AACCAG,False
gene-NCTC11427_00119,AAGGAGGATCG,-25.810862172178798,3,GAGGAT,False
gene-NCTC11427_00120,GTAGAGGGCTT,-26.110225749404414,1,TAGAGG,False
gene-NCTC11427_00121,AGGAGGTGCTA,-27.562935660996953,5,GTGCTA,False
gene-NCTC11427_00122,ATAGAAAGGAA,-8.899535882103546,1,TAGAAA,True
gene-NCTC11427_00123,TACAAGGAGGA,-17.24237568637501,0,TACAAG,False
gene-NCTC11427_00124,AGGAGCTGACG,-26.95067613957611,3,AGCTGA,False
gene-NCTC11427_00125,GAAAGGAGGAA,-18.075270724902254,1,AAAGGA,False
gene-NCTC11427_00126,GAAAGGAGACA,-18.075270724902254,1,AAAGGA,False
gene-NCTC11427_00127,TTTTGGAGGAT,-18.388962933191646,1,TTTGGA,False
gene-NCTC11427_00130,AGTTGAAAAGC,-9.220007777378317,3,TGAAAA,True
gene-NCTC11427_00131,CTCAAACTTTT,-9.832514379187776,3,AAACTT,True
gene-NCTC11427_00132,TCTTGAGAGGT,-18.28360241753382,2,TTGAGA,False
gene-NCTC11427_00134,TATTACTCAGA,-9.079004369915095,0,TATTAC,True
gene-NCTC11427_00135,AGTCGCTTAGC,-26.328502132364516,4,GCTTAG,False
gene-NCTC11427_00136,GTTAACTCCCA,-9.566388092224226,1,TTAACT,True
gene-NCTC11427_00139,TACGGACTATT,-9.682982645216814,5,ACTATT,True
gene-NCTC11427_00141,CCTGCTCCCGC,-34.816862573689015,0,CCTGCT,False
gene-NCTC11427_00143,TTCCATTACTT,-9.404269242747793,4,ATTACT,True
gene-NCTC11427_00146,ACCCCAGTTAC,-17.8315116482658,5,AGTTAC,False
gene-NCTC11427_00147,AGAGTTTGGTG,-18.083581283640466,4,TTTGGT,False
gene-NCTC11427_00148,AAAGGATAGAG,-17.31387168808008,1,AAGGAT,False
gene-NCTC11427_00149,CATCAGGAGGA,-25.864929393449074,0,CATCAG,False
gene-NCTC11427_00150,TTGAAAGGATA,-9.415752354504413,0,TTGAAA,True
gene-NCTC11427_00151,AAGGAATATGA,-9.130297664302644,3,GAATAT,True
gene-NCTC11427_00152,GAAGGTGAGAA,-17.919522525588512,5,TGAGAA,False
gene-NCTC11427_00154,CTTCGGAGGTA,-26.983117165744012,1,TTCGGA,False
gene-NCTC11427_00155,GGAGAATAGAC,-9.193434419898106,4,AATAGA,True
gene-NCTC11427_00156,AAGGAGGTTAT,-17.680280678541877,5,GGTTAT,False
gene-NCTC11427_00157,AAGGAAGTAGT,-17.61925333763126,0,AAGGAA,False
gene-NCTC11427_00158,GATAAGGAGGG,-17.16541464523888,0,GATAAG,False
gene-NCTC11427_00159,AGCAGCTTCTT,-18.663399778893407,5,CTTCTT,False
gene-NCTC11427_00161,ATTAAGGCCTT,-9.184640633541028,0,ATTAAG,True
gene-NCTC11427_00163,GATTGGAGGTC,-18.40916564050917,1,ATTGGA,False
gene-NCTC11427_00164,GGGAGTTCATC,-17.732924412027298,4,GTTCAT,False
gene-NCTC11427_00165,TGCTAAACTAA,-9.05017161982336,3,TAAACT,True
gene-NCTC11427_00166,TGATAAGATAG,-8.881836305004144,3,TAAGAT,True
gene-NCTC11427_00167,AAGAGGTATCA,-17.777444426995526,3,AGGTAT,False
gene-NCTC11427_00168,AGATGGAGTTG,-26.194308866614957,3,TGGAGT,False
gene-NCTC11427_00169,TTTACCAGGAA,-18.032287989252918,0,TTTACC,False
gene-NCTC11427_00170,AGGAGGAATCT,-17.346661510903072,3,AGGAAT,False
gene-NCTC11427_00171,AGGAAAGATTC,-8.902039012321664,3,AAAGAT,True
gene-NCTC11427_00172,GAGAAAGGAAA,-17.416729073519786,0,GAGAAA,False
gene-NCTC11427_00173,AAAGGAGAAAA,-9.240210484695837,5,AGAAAA,True
gene-NCTC11427_00174,ACAAGAGGAAA,-17.65204316045425,5,AGGAAA,False
gene-NCTC11427_00175,AAAATGAGAGT,-9.781221084800226,0,AAAATG,True
gene-NCTC11427_00176,GCTATGGAGGA,-17.87274646079078,2,TATGGA,False
gene-NCTC11427_00177,AGGAGGAAATC,-17.431819319243377,4,GGAAAT,False
gene-NCTC11427_00178,GTTCACTGGAA,-17.97822076798264,1,TTCACT,False
gene-NCTC11427_00180,AGATAGGAGAG,-18.01383320505975,0,AGATAG,False
gene-NCTC11427_00181,ATGAAAGGAAA,-9.435955061821932,0,ATGAAA,True
gene-NCTC11427_00182,AGAAAGGAGAG,-17.583050288967296,0,AGAAAG,False
gene-NCTC11427_00183,GAGTTGAAAAA,-9.004896397761371,5,GAAAAA,True
gene-NCTC11427_00184,CTCAAACTTTT,-9.832514379187776,3,AAACTT,True
gene-NCTC11427_00185,TCTTGAGAGGT,-18.28360241753382,2,TTGAGA,False
gene-NCTC11427_00187,TATTACTCAGA,-9.079004369915095,0,TATTAC,True
gene-NCTC11427_00188,AGTCGCTTAGC,-26.328502132364516,4,GCTTAG,False
gene-NCTC11427_00189,CCGTTAACTCC,-9.566388092224226,3,TTAACT,True
gene-NCTC11427_00190,ACGGAAGTTAT,-9.183290194443156,5,AGTTAT,True
gene-NCTC11427_00191,AGTACGGGTCA,-26.26857879520275,0,AGTACG,False
gene-NCTC11427_00193,GAATAAGAGGT,-8.66842416114016,1,AATAAG,True
gene-NCTC11427_00194,CGTTCGCTTAG,-26.328502132364516,5,GCTTAG,False
gene-NCTC11427_00197,ATGTGAGGAAA,-17.65204316045425,5,AGGAAA,False
gene-NCTC11427_00198,ACGGAGAACAT,-17.399029496420386,5,GAACAT,False
gene-NCTC11427_00199,AAAAGGAAAAA,-9.004896397761371,5,GAAAAA,True
gene-NCTC11427_00202,TAAAAGGAGGA,-8.830543010616596,0,TAAAAG,True
gene-NCTC11427_00203,GATATTGGAGT,-9.447668558282349,0,GATATT,True
gene-NCTC11427_00204,GAAAGGGGATC,-26.21558626506224,0,GAAAGG,False
gene-NCTC11427_00205,AAAAGGAATAA,-9.435679313853825,5,GAATAA,True
gene-NCTC11427_00206,GGAGGAATGAC,-17.346661510903072,2,AGGAAT,False
gene-NCTC11427_00207,ACTAGGAAGGT,-17.59905063031374,2,TAGGAA,False
gene-NCTC11427_00208,AAAAGGAGATT,-17.718595780963522,0,AAAAGG,False
gene-NCTC11427_00209,ATAAGGAGGTA,-18.055068017584734,1,TAAGGA,False
gene-NCTC11427_00210,TTGAGGAGTGA,-26.214511573932477,3,AGGAGT,False
gene-NCTC11427_00212,AGAGGAAGAAC,-17.262578393692525,5,AAGAAC,False
gene-NCTC11427_00213,TAGAAAGGACT,-8.899535882103546,0,TAGAAA,True
gene-NCTC11427_00214,AGTTGGAGCAA,-26.116243821729977,5,GAGCAA,False
gene-NCTC11427_00215,AAGGAGGAGGA,-25.96209314190272,0,AAGGAG,False
gene-NCTC11427_00216,TAGAAAGGAAA,-8.899535882103546,0,TAGAAA,True
gene-NCTC11427_00217,AAGAGTGACTA,-17.482207002899294,0,AAGAGT,False
gene-NCTC11427_00218,GGAGAATGGGA,-17.111347423968606,1,GAGAAT,False
gene-NCTC11427_00219,TTGGCTCTTCA,-18.336319199706228,5,TCTTCA,False
gene-NCTC11427_00220,TCAGGAGGTTT,-18.707919793861635,5,AGGTTT,False
gene-NCTC11427_00221,AGGGGATGAGA,-18.30380512485134,5,ATGAGA,False
gene-NCTC11427_00222,AATTGAGGAAA,-9.62421733599056,0,AATTGA,True
gene-NCTC11427_00223,GAGGAGGTATT,-17.777444426995526,4,AGGTAT,False
gene-NCTC11427_00224,TCAAAGGAAAA,-17.56284758164978,0,TCAAAG,False
gene-NCTC11427_00225,ATGAGGTTAGA,-18.206641376397695,5,GTTAGA,False
gene-NCTC11427_00226,CAGTAGCGACT,-26.1903517938837,0,CAGTAG,False
gene-NCTC11427_00227,ATGACAACTAG,-17.69336130978498,5,AACTAG,False
gene-NCTC11427_00228,CTAACGGAGTC,-26.397907821856194,1,TAACGG,False
gene-NCTC11427_00229,TAAGGACAGTG,-18.055068017584734,0,TAAGGA,False
gene-NCTC11427_00230,TAGAAAAGAGA,-8.899535882103546,0,TAGAAA,True
gene-NCTC11427_00231,GACAAGGACTC,-25.759568877791246,0,GACAAG,False
gene-NCTC11427_00232,AATAAGGAGAA,-8.66842416114016,0,AATAAG,True
gene-NCTC11427_00233,TTAAGGGAGAT,-18.21460954604687,0,TTAAGG,False
gene-NCTC11427_00234,AGGACAGGAGG,-26.519893223483656,0,AGGACA,False
gene-NCTC11427_00235,AAGATGAGGAA,-18.193053760558637,0,AAGATG,False
gene-NCTC11427_00236,AGAAGAAGTGA,-17.262578393692525,2,AAGAAG,False
gene-NCTC11427_00237,AATAGAAGGAT,-9.193434419898106,0,AATAGA,True
gene-NCTC11427_00238,AAGGAAGGTGA,-17.61925333763126,0,AAGGAA,False
gene-NCTC11427_00240,TCAAAGGGGTT,-17.56284758164978,0,TCAAAG,False
gene-NCTC11427_00242,AAAAGGAGAAT,-17.111347423968606,5,GAGAAT,False
gene-NCTC11427_00243,TTTGAGGAGCT,-17.8639526744337,0,TTTGAG,False
gene-NCTC11427_00245,GTAAGGTGACG,-17.749686368033554,1,TAAGGT,False
gene-NCTC11427_00246,TGGAGGAATTA,-10.366154680719937,5,GAATTA,False
gene-NCTC11427_00247,GTAAAGGAAAC,-17.61925333763126,3,AAGGAA,False
gene-NCTC11427_00248,GAATCGAGGCA,-17.8929491681083,1,AATCGA,False
gene-NCTC11427_00250,TTTAGGAGAAG,-18.032287989252918,0,TTTAGG,False
gene-NCTC11427_00252,AGAGGAGTTAA,-9.488671843994338,5,AGTTAA,True
gene-NCTC11427_00254,GAAAGGAGGCA,-18.075270724902254,1,AAAGGA,False
gene-NCTC11427_00255,TAGATAGGAGT,-9.830011248969658,0,TAGATA,True
gene-NCTC11427_00256,ACTAGGAGGAA,-25.9418904345852,2,TAGGAG,False
gene-NCTC11427_00257,ATTGAGAGGTA,-17.88415538175122,0,ATTGAG,False
gene-NCTC11427_00258,AAAGTAGGTTT,-10.137896028738957,0,AAAGTA,False
gene-NCTC11427_00260,AAAAGGAAGCC,-17.61925333763126,2,AAGGAA,False
gene-NCTC11427_00262,TTGGAGGAACC,-25.99488296472571,4,AGGAAC,False
gene-NCTC11427_00265,ACTGATGGAGG,-17.4520220265609,0,ACTGAT,False
gene-NCTC11427_00266,CTTACAATCAG,-8.594154232552365,2,TACAAT,True
gene-NCTC11427_00267,TCTCGGAGGTG,-34.67419500561838,2,TCGGAG,False
gene-NCTC11427_00268,TGGAGTTTCTT,-10.14620658747717,5,TTTCTT,False
gene-NCTC11427_00270,CATATAGGAGA,-9.75305020783353,0,CATATA,True
gene-NCTC11427_00271,AAGGAACAATA,-8.614356939869884,4,AACAAT,True
gene-NCTC11427_00272,AAAGGAGATTG,-18.041822790834715,4,GAGATT,False
gene-NCTC11427_00273,AAGGGAAGTTT,-9.97561522282845,5,AAGTTT,True
gene-NCTC11427_00274,TTAAGGAGATT,-18.041822790834715,5,GAGATT,False
gene-NCTC11427_00275,ATAAAGGAGTG,-9.366962190334982,0,ATAAAG,True
gene-NCTC11427_00276,GTATAGGGGAT,-17.516071516852048,1,TATAGG,False
gene-NCTC11427_00277,TGGAGGGCAAG,-34.49187344882443,5,GGCAAG,False
gene-NCTC11427_00278,GATTTAGGAGA,-9.615423549633482,1,ATTTAG,True
gene-NCTC11427_00279,AAATAGGAGAG,-9.28152863402657,0,AAATAG,True
gene-NCTC11427_00280,TTTAGGGAAGA,-18.032287989252918,0,TTTAGG,False
gene-NCTC11427_00281,CCTGTTAGGAG,-17.81130894094828,2,TGTTAG,False
gene-NCTC11427_00283,TAGAAAAGATT,-8.899535882103546,0,TAGAAA,True
gene-NCTC11427_00284,GAAAGAAAAGG,-8.919738589421065,2,AAGAAA,True
gene-NCTC11427_00285,GATTAGAAAAA,-8.899535882103546,3,TAGAAA,True
gene-NCTC11427_00286,GATTGAAAGGG,-9.415752354504413,2,TTGAAA,True
gene-NCTC11427_00288,TTAGGAAAAAC,-8.850745717934116,5,AAAAAC,True
gene-NCTC11427_00290,TAAAGGGGAGA,-17.698393073646002,0,TAAAGG,False
gene-NCTC11427_00291,GAAAGGAAGCC,-17.61925333763126,2,AAGGAA,False
gene-NCTC11427_00292,ATTGGAGAAAT,-8.934828835144655,5,AGAAAT,True
gene-NCTC11427_00293,GAAGATTTGTA,-9.544832306735996,1,AAGATT,True
gene-NCTC11427_00294,GAGAAAAGAAA,-8.919738589421065,5,AAGAAA,True
gene-NCTC11427_00295,GTTAAGGAGAA,-17.681631117639746,0,GTTAAG,False
gene-NCTC11427_00296,TTAAAGGAGAA,-9.346759483017463,0,TTAAAG,True
gene-NCTC11427_00297,AGGATTTAGGA,-9.615423549633482,3,ATTTAG,True
gene-NCTC11427_00298,AGGAATAGGAG,-17.346661510903072,0,AGGAAT,False
gene-NCTC11427_00299,AGGTGGTAAAA,-9.521112870162238,5,GTAAAA,True
gene-NCTC11427_00300,CCAATAAGGAG,-8.66842416114016,2,AATAAG,True
gene-NCTC11427_00301,AAGAAAGGGTT,-8.919738589421065,0,AAGAAA,True
gene-NCTC11427_00302,AGAATGGAGAG,-17.8929491681083,2,AATGGA,False
gene-NCTC11427_00304,CTTGCAAGACT,-17.482207002899294,5,AAGACT,False
gene-NCTC11427_00305,TAGAAAGGTGA,-8.899535882103546,0,TAGAAA,True
gene-NCTC11427_00306,CAAGAGGAGTG,-26.047250950243026,0,CAAGAG,False
gene-NCTC11427_00307,ATAAGTAGGTC,-9.586590799541746,0,ATAAGT,True
gene-NCTC11427_00308,TGGAGGAAAGA,-17.65204316045425,3,AGGAAA,False
gene-NCTC11427_00309,TTGGAGGAGAT,-26.13133406745357,5,GGAGAT,False
gene-NCTC11427_00310,TGGTTAAAGGA,-9.338791313368285,2,GTTAAA,True
gene-NCTC11427_00311,AGGAGCTGTTC,-26.64529449002493,3,AGCTGT,False
gene-NCTC11427_00312,AGGATTTGAGC,-10.140433808391428,3,ATTTGA,False
gene-NCTC11427_00313,AAGAAAGGATA,-8.919738589421065,0,AAGAAA,True
gene-NCTC11427_00314,AGAAAGGATAA,-17.31387168808008,3,AAGGAT,False
gene-NCTC11427_00319,CAAAGGAGCCG,-18.075270724902254,1,AAAGGA,False
gene-NCTC11427_00320,AAACAGAGGTA,-17.550260466144305,0,AAACAG,False
gene-NCTC11427_00321,GAAACGAGGTA,-18.075270724902254,1,AAACGA,False
gene-NCTC11427_00322,TACAAGGAGAA,-17.24237568637501,0,TACAAG,False
gene-NCTC11427_00323,GGAGAGGATGC,-25.810862172178798,3,GAGGAT,False
gene-NCTC11427_00324,GGAGGTGGTCA,-26.93047343225859,5,TGGTCA,False
gene-NCTC11427_00325,CATAAAGGAGT,-8.822574840967418,0,CATAAA,True
gene-NCTC11427_00326,CAGGAGGACTT,-26.214511573932477,4,AGGACT,False
gene-NCTC11427_00327,AGGAGAAATGA,-8.934828835144655,3,AGAAAT,True
gene-NCTC11427_00328,ATGTAAAGGAA,-9.037686220584364,1,TGTAAA,True
gene-NCTC11427_00329,CTAGAAAGGTA,-8.899535882103546,1,TAGAAA,True
gene-NCTC11427_00330,GGTACAATAGA,-8.594154232552365,2,TACAAT,True
gene-NCTC11427_00331,CGTGAGGTGAA,-26.254394160210794,5,GGTGAA,False
gene-NCTC11427_00332,GATTGAGGACT,-17.88415538175122,1,ATTGAG,False
gene-NCTC11427_00333,ATACAAGGAAA,-9.723637134273712,0,ATACAA,True
gene-NCTC11427_00335,AGATAGGAGAA,-18.01383320505975,0,AGATAG,False
gene-NCTC11427_00336,GAAAAGAGGTT,-9.37575597669206,1,AAAAGA,True
gene-NCTC11427_00337,TTATTGGAGGC,-10.708017765976027,0,TTATTG,False
gene-NCTC11427_00338,CATAAAGGAGT,-8.822574840967418,0,CATAAA,True
gene-NCTC11427_00340,TAAGGAAGACT,-17.482207002899294,5,AAGACT,False
gene-NCTC11427_00341,ACTTGAGGAGT,-18.356521907023744,0,ACTTGA,False
gene-NCTC11427_00342,AGAAAAGGAGA,-9.240210484695837,0,AGAAAA,True
gene-NCTC11427_00343,GGGGAGGGAAA,-26.14903364455297,5,GGGAAA,False
gene-NCTC11427_00344,GGAGGATTTGA,-10.140433808391428,5,ATTTGA,False
gene-NCTC11427_00345,TAAAGGAGTCC,-17.698393073646002,0,TAAAGG,False
gene-NCTC11427_00346,AATGATGGAGG,-8.719717455527709,0,AATGAT,True
gene-NCTC11427_00347,CAGGAGTTGTA,-18.051140257472564,4,AGTTGT,False
gene-NCTC11427_00348,AATAGGAGAAA,-17.416729073519786,5,GAGAAA,False
gene-NCTC11427_00349,ATATAGGTAAG,-9.797745106427437,0,ATATAG,True
gene-NCTC11427_00351,ATTGGTACGTA,-18.10378399095799,0,ATTGGT,False
gene-NCTC11427_00352,CTAAGGAGGTT,-18.055068017584734,1,TAAGGA,False
gene-NCTC11427_00353,CTAAAAGGGGG,-8.830543010616596,1,TAAAAG,True
gene-NCTC11427_00354,TGGAGGAAGTC,-25.99488296472571,3,AGGAAG,False
gene-NCTC11427_00355,ATTAGGAGAGA,-18.052490696570434,0,ATTAGG,False
gene-NCTC11427_00356,ACGAGGACTTC,-26.214511573932477,3,AGGACT,False
gene-NCTC11427_00357,GAAAGAGGTCA,-17.550260466144305,1,AAAGAG,False
gene-NCTC11427_00358,TAAAGAGGTAA,-9.355553269374541,0,TAAAGA,True
gene-NCTC11427_00360,ATAGTTAGGAG,-10.260794165062112,1,TAGTTA,False
gene-NCTC11427_00361,TGGAGGTGATA,-18.86342091278676,5,GTGATA,False
gene-NCTC11427_00362,TGGAGGAGATG,-26.13133406745357,4,GGAGAT,False
gene-NCTC11427_00363,ACGAAAGGATG,-17.31387168808008,4,AAGGAT,False
gene-NCTC11427_00364,AGTTAGGATAG,-17.29366898076256,3,TAGGAT,False
gene-NCTC11427_00365,AAAGAAAGAGA,-8.919738589421065,1,AAGAAA,True
gene-NCTC11427_00366,GTTGAGGGGAT,-26.381145865849938,0,GTTGAG,False
gene-NCTC11427_00367,AGAAAAGGGGA,-9.240210484695837,0,AGAAAA,True
gene-NCTC11427_00368,ACTGAAGGAAA,-17.61925333763126,4,AAGGAA,False
gene-NCTC11427_00369,CTGGATAGGCC,-18.56231582000284,1,TGGATA,False
gene-NCTC11427_00370,TTCTAGGAGGT,-18.189375074868327,0,TTCTAG,False
gene-NCTC11427_00371,TGGAGGAGGTG,-34.45908362600144,2,GAGGAG,False
gene-NCTC11427_00372,CGGAAGAGGTG,-26.047250950243026,2,GAAGAG,False
gene-NCTC11427_00373,TTGAGGAGGAT,-25.810862172178798,5,GAGGAT,False
gene-NCTC11427_00375,TAGAGGAGGTC,-26.110225749404414,0,TAGAGG,False
gene-NCTC11427_00376,TAATAGGGGAA,-9.26132592670905,0,TAATAG,True
gene-NCTC11427_00377,AATCTTGAGGT,-9.650192822393821,0,AATCTT,True
gene-NCTC11427_00378,GTTTAGGAAAT,-17.431819319243377,5,GGAAAT,False
gene-NCTC11427_00379,TTGAAGGAGAC,-17.758592158775873,0,TTGAAG,False
gene-NCTC11427_00380,GAAAAGGAGTT,-17.34773620203283,0,GAAAAG,False
gene-NCTC11427_00381,GGTAAAGGAGA,-17.554879412000602,0,GGTAAA,False
gene-NCTC11427_00382,AGAAAAGGAGC,-9.240210484695837,0,AGAAAA,True
gene-NCTC11427_00383,AAAAGGAATTT,-10.060773031168756,5,GAATTT,False
gene-NCTC11427_00385,AAGGAAGACGA,-17.61925333763126,0,AAGGAA,False
gene-NCTC11427_00386,GGAGGGGCTCT,-35.14228497412365,5,GGCTCT,False
gene-NCTC11427_00387,TTGAAAGAGGA,-9.415752354504413,0,TTGAAA,True
gene-NCTC11427_00388,GGCGGACTTGG,-26.699361711295204,5,ACTTGG,False
gene-NCTC11427_00389,AAGTAGGAGAA,-17.69336130978498,0,AAGTAG,False
gene-NCTC11427_00390,AAATGAGGTAT,-9.806538892784515,0,AAATGA,True
gene-NCTC11427_00391,ATTGAGGAGTG,-17.88415538175122,0,ATTGAG,False
gene-NCTC11427_00392,TAATGAGGTAA,-9.786336185466995,0,TAATGA,True
gene-NCTC11427_00393,ACTAAAGGAGA,-9.057888927901883,0,ACTAAA,True
gene-NCTC11427_00394,AACAGGTACAA,-18.220627618372433,5,GTACAA,False
gene-NCTC11427_00395,GAAGGAGGTGA,-25.96209314190272,1,AAGGAG,False
gene-NCTC11427_00396,TAAGAAGGAGA,-9.187217954555326,0,TAAGAA,True
gene-NCTC11427_00397,TAGGAGAACGA,-25.759568877791246,3,GAGAAC,False
gene-NCTC11427_00398,GAAGGAACTGA,-17.61925333763126,1,AAGGAA,False
gene-NCTC11427_00399,CGAGGAGGCAG,-34.45908362600144,1,GAGGAG,False
gene-NCTC11427_00400,AAAAAGGAGGA,-8.850745717934116,0,AAAAAG,True
gene-NCTC11427_00401,TTTTGATGACA,-9.215731220611058,1,TTTGAT,True
gene-NCTC11427_00402,AAAACAGAGGT,-9.37575597669206,0,AAAACA,True
gene-NCTC11427_00403,CAAGGTTGAAA,-9.415752354504413,5,TTGAAA,True
gene-NCTC11427_00404,ACTATGAATTA,-9.004896397761371,2,TATGAA,True
gene-NCTC11427_00405,TGGAGGAAAGA,-17.65204316045425,3,AGGAAA,False
gene-NCTC11427_00407,GATAAGAGGTT,-9.891972449092927,1,ATAAGA,True
gene-NCTC11427_00408,CTATGAGGAGT,-17.34773620203283,1,TATGAG,False
gene-NCTC11427_00409,GAATGAGGGGG,-17.367938909350354,1,AATGAG,False
gene-NCTC11427_00410,AGAAAGGTTAT,-17.583050288967296,0,AGAAAG,False
gene-NCTC11427_00411,ATGAAGGAAGA,-17.61925333763126,3,AAGGAA,False
gene-NCTC11427_00412,TGAAAAGGAGC,-9.220007777378317,0,TGAAAA,True
gene-NCTC11427_00413,AAAGGAAGTGT,-17.61925333763126,1,AAGGAA,False
gene-NCTC11427_00414,AAAGTAAGGAG,-9.35052150551352,1,AAGTAA,True
gene-NCTC11427_00415,TGAAAGGAGAC,-17.56284758164978,0,TGAAAG,False
gene-NCTC11427_00416,TTTGGAGGACA,-18.388962933191646,0,TTTGGA,False
gene-NCTC11427_00417,AAAAGGATAAT,-8.517193191416236,5,GATAAT,True
gene-NCTC11427_00418,CCAAAGGGGAT,-26.080040773066017,0,CCAAAG,False
gene-NCTC11427_00419,GAAAAGGAGAA,-17.34773620203283,0,GAAAAG,False
gene-NCTC11427_00420,CAGGAGGTAAG,-18.082826076546706,4,AGGTAA,False
gene-NCTC11427_00421,AAAGAAAGAGA,-8.919738589421065,1,AAGAAA,True
gene-NCTC11427_00422,AAGGTAACTAC,-10.117693321421438,4,TAACTA,False
gene-NCTC11427_00423,AAGGGAGTGGA,-26.487103400660665,0,AAGGGA,False
gene-NCTC11427_00424,GAGTGAGGTGG,-26.10024348038354,1,AGTGAG,False
gene-NCTC11427_00425,GTGGAGGGCTA,-34.8425303204376,1,TGGAGG,False
gene-NCTC11427_00426,AAGGAGTTCAC,-18.356521907023744,4,AGTTCA,False
gene-NCTC11427_00427,AATTGGAGAGT,-17.96705714026202,0,AATTGG,False
gene-NCTC11427_00428,ACTAGAAAGGC,-8.899535882103546,2,TAGAAA,True
gene-NCTC11427_00429,GAGGGAGGTCA,-26.95067613957611,5,AGGTCA,False
gene-NCTC11427_00430,GACAAGAGGAA,-18.108060547725245,1,ACAAGA,False
gene-NCTC11427_00431,GAATGGAGTAG,-17.8929491681083,1,AATGGA,False
gene-NCTC11427_00432,TTCTGGAGGAA,-26.116243821729977,5,GAGGAA,False
gene-NCTC11427_00433,CAATGGAGGTG,-17.8929491681083,1,AATGGA,False
gene-NCTC11427_00434,GAGGAATACAA,-9.193434419898106,4,AATACA,True
gene-NCTC11427_00435,GAAAGCGAGAA,-26.21558626506224,0,GAAAGC,False
gene-NCTC11427_00436,GAGATTGGAGC,-18.041822790834715,0,GAGATT,False
gene-NCTC11427_00437,GAAAGGACTTC,-18.075270724902254,1,AAAGGA,False
gene-NCTC11427_00438,GAGAAAGGAGC,-17.416729073519786,0,GAGAAA,False
gene-NCTC11427_00439,CAGGAGTCATA,-17.4520220265609,4,AGTCAT,False
gene-NCTC11427_00441,GCAAAGGAGGA,-18.075270724902254,2,AAAGGA,False
gene-NCTC11427_00442,GATACGGACTG,-26.033264708268284,0,GATACG,False
gene-NCTC11427_00443,TAAAAGGAGTA,-8.830543010616596,0,TAAAAG,True
gene-NCTC11427_00444,TTTAAGGAGAA,-9.164437926223508,0,TTTAAG,True
gene-NCTC11427_00446,TGGAGGACTAT,-17.54213034006106,5,GACTAT,False
gene-NCTC11427_00447,GAATGAGGAGA,-17.367938909350354,1,AATGAG,False
gene-NCTC11427_00448,AAGAGGAGACA,-26.130428456721933,0,AAGAGG,False
gene-NCTC11427_00449,TGAAAGGAGAA,-17.56284758164978,0,TGAAAG,False
gene-NCTC11427_00450,TCAAAGGAGGA,-17.56284758164978,0,TCAAAG,False
gene-NCTC11427_00451,GCAAGGAGAAA,-17.416729073519786,5,GAGAAA,False
gene-NCTC11427_00452,CTTTAGGAGGT,-18.032287989252918,1,TTTAGG,False
gene-NCTC11427_00453,TAAGGAGGACA,-18.055068017584734,0,TAAGGA,False
gene-NCTC11427_00454,AATAAGGAGGC,-8.66842416114016,0,AATAAG,True
gene-NCTC11427_00455,CAAAGGAGATC,-18.075270724902254,1,AAAGGA,False
gene-NCTC11427_00456,ATCTGGATAGA,-17.690424903996824,5,GATAGA,False
gene-NCTC11427_00457,AGGGAGAACAT,-17.399029496420386,5,GAACAT,False
gene-NCTC11427_00458,AGTTTCGGAGG,-18.76198701513191,0,AGTTTC,False
gene-NCTC11427_00459,TAAAAGGAGAC,-8.830543010616596,0,TAAAAG,True
gene-NCTC11427_00460,GAAAGGTGGGA,-17.769889075351074,1,AAAGGT,False
gene-NCTC11427_00462,CGGAAGGAAAT,-17.431819319243377,5,GGAAAT,False
gene-NCTC11427_00463,TAAGGAGGTGT,-18.055068017584734,0,TAAGGA,False
gene-NCTC11427_00464,GATTGAGAGGA,-17.88415538175122,1,ATTGAG,False
gene-NCTC11427_00465,AGACAAGGAGT,-17.93972523290603,0,AGACAA,False
gene-NCTC11427_00466,ATTGGGTGAGA,-26.677735516192833,1,TTGGGT,False
gene-NCTC11427_00467,TAAGGAGGTGT,-18.055068017584734,0,TAAGGA,False
gene-NCTC11427_00468,ATATTGGAGCA,-10.728220473293547,0,ATATTG,False
gene-NCTC11427_00471,AAAAGGAAATC,-17.431819319243377,4,GGAAAT,False
gene-NCTC11427_00472,TAGAAAGAAGA,-8.899535882103546,0,TAGAAA,True
gene-NCTC11427_00473,TTGGAGGGAAA,-26.14903364455297,5,GGGAAA,False
gene-NCTC11427_00474,TTTAGGAGAAA,-17.416729073519786,5,GAGAAA,False
gene-NCTC11427_00475,ATGAAGGAGAT,-17.778794866093396,0,ATGAAG,False
gene-NCTC11427_00476,AAGGAAAGGAA,-17.61925333763126,0,AAGGAA,False
gene-NCTC11427_00477,AGGAAAGTAAA,-9.057888927901883,5,AGTAAA,True
gene-NCTC11427_00478,GGAAGAGGTGA,-26.047250950243026,1,GAAGAG,False
gene-NCTC11427_00479,CATTGGTAGAC,-18.10378399095799,1,ATTGGT,False
gene-NCTC11427_00480,AAGAGAGGAAG,-17.787588652450474,0,AAGAGA,False
gene-NCTC11427_00481,AAGGAGGATTT,-18.27713687776918,4,AGGATT,False
gene-NCTC11427_00482,CAAGGAGAATA,-10.170685851561949,5,AGAATA,False
gene-NCTC11427_00483,AATAGAGGTGT,-9.193434419898106,0,AATAGA,True
gene-NCTC11427_00484,GAAAGAAAGAA,-8.919738589421065,2,AAGAAA,True
gene-NCTC11427_00485,AGTTAGGAGAA,-17.8315116482658,0,AGTTAG,False
gene-NCTC11427_00486,TCTATAAGAGG,-8.648221453822641,2,TATAAG,True
gene-NCTC11427_00487,AAAGAGGTATG,-17.550260466144305,0,AAAGAG,False
gene-NCTC11427_00488,AAAGAGGTAAG,-17.550260466144305,0,AAAGAG,False
gene-NCTC11427_00490,TAAGAAAATCT,-8.69951474821019,3,GAAAAT,True
gene-NCTC11427_00491,ACAGAAAGAAA,-8.919738589421065,5,AAGAAA,True
gene-NCTC11427_00493,TAAAGGAGATT,-17.698393073646002,0,TAAAGG,False
gene-NCTC11427_00494,ATGGAGTAAGA,-17.400728732173345,4,AGTAAG,False
gene-NCTC11427_00495,GAAAGAAGGTA,-9.207420661872845,1,AAAGAA,True
gene-NCTC11427_00496,AAAGGAGATGA,-18.075270724902254,0,AAAGGA,False
gene-NCTC11427_00498,ATAGGAGGACT,-18.59148719730312,0,ATAGGA,False
gene-NCTC11427_00499,AGAAAGAAGAA,-9.207420661872845,2,AAAGAA,True
gene-NCTC11427_00500,TATGCGAGGTA,-26.21558626506224,0,TATGCG,False
gene-NCTC11427_00501,AAAGAGGGACT,-17.550260466144305,0,AAAGAG,False
gene-NCTC11427_00502,AGTAAAGTAAT,-8.752507278350702,5,AGTAAT,True
gene-NCTC11427_00503,ATATGGAGGTG,-17.87274646079078,1,TATGGA,False
gene-NCTC11427_00504,TAAGAAGGAGA,-9.187217954555326,0,TAAGAA,True
gene-NCTC11427_00505,CTAGAAAGGGA,-8.899535882103546,1,TAGAAA,True
gene-NCTC11427_00506,TGAAACGTTTT,-17.56284758164978,0,TGAAAC,False
gene-NCTC11427_00508,TAGGAGGCCTG,-25.9418904345852,0,TAGGAG,False
gene-NCTC11427_00509,TTGTACAATAA,-8.594154232552365,3,TACAAT,True
gene-NCTC11427_00510,GATAGGGAGAT,-26.033264708268284,0,GATAGG,False
gene-NCTC11427_00511,GAAAGGAGCTC,-18.075270724902254,1,AAAGGA,False
gene-NCTC11427_00512,TTCAAGGAGGT,-17.758592158775873,0,TTCAAG,False
gene-NCTC11427_00513,AATGAAGGAAT,-9.02509910507889,0,AATGAA,True
gene-NCTC11427_00514,AAAAAGGAGAA,-8.850745717934116,0,AAAAAG,True
gene-NCTC11427_00515,AATGGAGACAT,-17.634343583354852,5,AGACAT,False
gene-NCTC11427_00516,GTTAGGAAATG,-17.431819319243377,4,GGAAAT,False
gene-NCTC11427_00517,TGGTACAATAA,-8.594154232552365,3,TACAAT,True
gene-NCTC11427_00519,TGGAGATAAGA,-9.67099340078829,3,AGATAA,True
gene-NCTC11427_00521,ATAAGATAAGC,-8.881836305004144,1,TAAGAT,True
gene-NCTC11427_00523,TAGAAAGAGAT,-8.899535882103546,0,TAGAAA,True
gene-NCTC11427_00524,AATGGAGTTTG,-17.8929491681083,0,AATGGA,False
gene-NCTC11427_00525,AGTTAAAGGAA,-9.338791313368285,1,GTTAAA,True
gene-NCTC11427_00526,GCATAAGGAAT,-17.16541464523888,1,CATAAG,False
gene-NCTC11427_00528,TAAAAGGAGAA,-8.830543010616596,0,TAAAAG,True
gene-NCTC11427_00529,CAAAAGGAGAA,-17.34773620203283,0,CAAAAG,False
gene-NCTC11427_00530,ATAAAGGAGAT,-9.366962190334982,0,ATAAAG,True
gene-NCTC11427_00531,CATTGGAGGAA,-18.40916564050917,1,ATTGGA,False
gene-NCTC11427_00532,AAAGGAGGCTC,-18.075270724902254,0,AAAGGA,False
gene-NCTC11427_00533,ATGGGAGGTTC,-26.741337539044906,4,GAGGTT,False
gene-NCTC11427_00534,CAAGGAGGACA,-25.96209314190272,1,AAGGAG,False
gene-NCTC11427_00536,AAAAAGGAGTT,-8.850745717934116,0,AAAAAG,True
gene-NCTC11427_00537,GGAGGTAAGGC,-18.082826076546706,2,AGGTAA,False
gene-NCTC11427_00538,GGGAGGTGAAG,-26.254394160210794,4,GGTGAA,False
gene-NCTC11427_00540,GAGAAGAAATA,-8.919738589421065,3,AAGAAA,True
gene-NCTC11427_00541,AGAAAGGATAG,-17.31387168808008,3,AAGGAT,False
gene-NCTC11427_00542,TCAAAGGAGAC,-17.56284758164978,0,TCAAAG,False
gene-NCTC11427_00543,GTTGGGAGGTT,-26.741337539044906,5,GAGGTT,False
gene-NCTC11427_00545,TTAGGAGGTGT,-18.5712844899856,0,TTAGGA,False
gene-NCTC11427_00546,TGTAAAGGAGA,-9.037686220584364,0,TGTAAA,True
gene-NCTC11427_00547,GAGTAGGAGGA,-25.9418904345852,3,TAGGAG,False
gene-NCTC11427_00548,AGGAGAGTTAT,-9.183290194443156,5,AGTTAT,True
gene-NCTC11427_00549,AAAGAGGTTTT,-17.550260466144305,0,AAAGAG,False
gene-NCTC11427_00550,AATCGAGGTAA,-17.8929491681083,0,AATCGA,False
gene-NCTC11427_00551,AGATAGGAGAA,-18.01383320505975,0,AGATAG,False
gene-NCTC11427_00552,ATTGGAGTTTC,-18.40916564050917,0,ATTGGA,False
gene-NCTC11427_00553,TATAAGGAGGA,-8.648221453822641,0,TATAAG,True
gene-NCTC11427_00554,AAATAGGAGAA,-9.28152863402657,0,AAATAG,True
gene-NCTC11427_00555,AAGAAAGGAAG,-8.919738589421065,0,AAGAAA,True
gene-NCTC11427_00556,TATGAGCAACA,-17.34773620203283,0,TATGAG,False
gene-NCTC11427_00557,AGATGGAGAAT,-17.111347423968606,5,GAGAAT,False
gene-NCTC11427_00558,TAGAAAGAAAT,-8.899535882103546,0,TAGAAA,True
gene-NCTC11427_00559,ATAAGGAGAAG,-18.055068017584734,1,TAAGGA,False
gene-NCTC11427_00560,GAAGGAATTCA,-9.62421733599056,5,AATTCA,True
gene-NCTC11427_00561,TAAAAGGAGAA,-8.830543010616596,0,TAAAAG,True
gene-NCTC11427_00562,GAAAGAGGATT,-17.550260466144305,1,AAAGAG,False
gene-NCTC11427_00563,ATAAGGAGATT,-18.041822790834715,5,GAGATT,False
gene-NCTC11427_00564,AAAAGAGTGAA,-9.37575597669206,0,AAAAGA,True
gene-NCTC11427_00565,GAGAAGGTGTA,-25.759568877791246,0,GAGAAG,False
gene-NCTC11427_00566,GGAGGGACAAA,-17.416729073519786,5,GACAAA,False
gene-NCTC11427_00567,AGGAGGTGAAG,-26.254394160210794,4,GGTGAA,False
gene-NCTC11427_00568,AGAAGGAGAAG,-25.759568877791246,5,GAGAAG,False
gene-NCTC11427_00569,ATCTTGGAAAA,-17.631840453136732,4,TGGAAA,False
gene-NCTC11427_00570,TAGAAAGGAAC,-8.899535882103546,0,TAGAAA,True
gene-NCTC11427_00571,GAGAATATGGA,-9.130297664302644,2,GAATAT,True
gene-NCTC11427_00572,ATAAAGGAGAT,-9.366962190334982,0,ATAAAG,True
gene-NCTC11427_00573,TTTTAGGAGAA,-9.595220842315962,0,TTTTAG,True
gene-NCTC11427_00574,AGAATCGAGGA,-17.8929491681083,2,AATCGA,False
gene-NCTC11427_00575,GAAAAGGGGAC,-17.34773620203283,0,GAAAAG,False
gene-NCTC11427_00576,GGGGGGGACAT,-26.13133406745357,5,GGACAT,False
gene-NCTC11427_00577,ATCGGAGGAAC,-25.99488296472571,5,AGGAAC,False
gene-NCTC11427_00578,AATGAGGACAG,-17.367938909350354,0,AATGAG,False
gene-NCTC11427_00579,AAGAGAGGTGA,-17.787588652450474,0,AAGAGA,False
gene-NCTC11427_00580,AAGGAGAAGAA,-17.704411145971566,5,GAAGAA,False
gene-NCTC11427_00581,AAATGAGGTAG,-9.806538892784515,0,AAATGA,True
gene-NCTC11427_00582,TGGAGGAGAAT,-17.111347423968606,5,GAGAAT,False
gene-NCTC11427_00583,GAAAGTTGATT,-9.832514379187776,1,AAAGTT,True
gene-NCTC11427_00584,AGGAGACAAGA,-17.93972523290603,3,AGACAA,False
gene-NCTC11427_00585,AATGGAGTAGG,-17.8929491681083,0,AATGGA,False
gene-NCTC11427_00586,GAAAAGAGAAG,-9.37575597669206,1,AAAAGA,True
gene-NCTC11427_00587,ACAAGGACTAG,-25.96209314190272,2,AAGGAC,False
gene-NCTC11427_00588,AGAGAGGAAAA,-17.65204316045425,4,AGGAAA,False
gene-NCTC11427_00590,GAAAAGGTAAA,-17.34773620203283,0,GAAAAG,False
gene-NCTC11427_00591,AATAAGGAGGC,-8.66842416114016,0,AATAAG,True
gene-NCTC11427_00592,AACTGGGGGAG,-26.561211372814387,0,AACTGG,False
gene-NCTC11427_00593,GAAGGAGGCTT,-25.96209314190272,1,AAGGAG,False
gene-NCTC11427_00595,AAGAAAAGGGA,-8.919738589421065,0,AAGAAA,True
gene-NCTC11427_00596,TAAAAGGAGTT,-8.830543010616596,0,TAAAAG,True
gene-NCTC11427_00597,AAAACGAGAAG,-17.718595780963522,0,AAAACG,False
gene-NCTC11427_00598,TAGAAAGGAAA,-8.899535882103546,0,TAGAAA,True
gene-NCTC11427_00599,AAAAGGAGATT,-17.718595780963522,0,AAAAGG,False
gene-NCTC11427_00601,GTAGAAAGGAG,-8.899535882103546,1,TAGAAA,True
gene-NCTC11427_00602,ATTAAGGAGTA,-9.184640633541028,0,ATTAAG,True
gene-NCTC11427_00603,TGTAAAGGAAA,-9.037686220584364,0,TGTAAA,True
gene-NCTC11427_00604,CACAAAGGAGA,-17.416729073519786,0,CACAAA,False
gene-NCTC11427_00605,TAGGAGACCGA,-25.9418904345852,0,TAGGAG,False
gene-NCTC11427_00606,GAGAAAGGAAA,-17.416729073519786,0,GAGAAA,False
gene-NCTC11427_00607,ACGACCTTATA,-10.269266680234397,5,CTTATA,False
gene-NCTC11427_00608,GGTAGGAATTT,-10.060773031168756,5,GAATTT,False
gene-NCTC11427_00609,GATGAGGATTA,-18.27713687776918,4,AGGATT,False
gene-NCTC11427_00610,GAGCGAGGAAA,-17.65204316045425,5,AGGAAA,False
gene-NCTC11427_00611,AGAGGAGGAAA,-17.65204316045425,5,AGGAAA,False
gene-NCTC11427_00612,AAAAAGGAGTT,-8.850745717934116,0,AAAAAG,True
gene-NCTC11427_00613,AAATGAGGGGA,-9.806538892784515,0,AAATGA,True
gene-NCTC11427_00615,TAGAAAGAAAA,-8.899535882103546,0,TAGAAA,True
gene-NCTC11427_00616,GGAGAGGATGT,-25.810862172178798,3,GAGGAT,False
gene-NCTC11427_00617,AGGAGACCTTC,-26.502193646384256,3,AGACCT,False
gene-NCTC11427_00618,GAAACGAGAGA,-18.075270724902254,1,AAACGA,False
gene-NCTC11427_00619,AAAGAAGGAAT,-9.207420661872845,0,AAAGAA,True
gene-NCTC11427_00621,ATGAAAGGAGA,-9.435955061821932,0,ATGAAA,True
gene-NCTC11427_00622,CAAGGGGGAAT,-25.84365199500179,5,GGGAAT,False
gene-NCTC11427_00623,CCTAAAGGAGA,-17.554879412000602,0,CCTAAA,False
gene-NCTC11427_00624,AGAAAGAGGGA,-17.550260466144305,2,AAAGAG,False
gene-NCTC11427_00625,TAGTTCTAACA,-9.846535270596867,3,TTCTAA,True
gene-NCTC11427_00626,ATTCTAGTGTG,-10.471790944345871,0,ATTCTA,False
gene-NCTC11427_00627,ATAATGAGGTG,-9.786336185466995,1,TAATGA,True
gene-NCTC11427_00628,TATTTGAGTAA,-10.009479736781206,0,TATTTG,False
gene-NCTC11427_00629,ACAGGAGGTGA,-26.807575295935436,0,ACAGGA,False
gene-NCTC11427_00630,GGAGGTAATAG,-9.26132592670905,5,TAATAG,True
gene-NCTC11427_00631,TGAGGTAGAAA,-8.899535882103546,5,TAGAAA,True
gene-NCTC11427_00633,TTAAAGGAGAG,-9.346759483017463,0,TTAAAG,True
gene-NCTC11427_00634,AAAGCGTGAGA,-26.181721751109485,1,AAGCGT,False
gene-NCTC11427_00635,AAGATAGGAGC,-9.850213956287178,0,AAGATA,True
gene-NCTC11427_00636,GAGAGTTTTCT,-9.814849451522727,5,TTTTCT,True
gene-NCTC11427_00637,GAAAGGAGAAA,-17.416729073519786,5,GAGAAA,False
gene-NCTC11427_00638,TAAAAGGAGTT,-8.830543010616596,0,TAAAAG,True
gene-NCTC11427_00639,AGGAGAATCTA,-9.955574471945003,5,AATCTA,True
gene-NCTC11427_00640,GAGTTGGAGGA,-26.458106906986067,3,TTGGAG,False
gene-NCTC11427_00641,GTGGTTTGAAG,-9.52111287016224,4,TTTGAA,True
gene-NCTC11427_00642,GGAGTAGGAAG,-17.59905063031374,4,TAGGAA,False
gene-NCTC11427_00643,AAAAGTGAGGT,-9.070374327140879,0,AAAAGT,True
gene-NCTC11427_00644,GAGAAGGAAAC,-17.61925333763126,3,AAGGAA,False
gene-NCTC11427_00645,GAAAGGAATAA,-9.435679313853825,5,GAATAA,True
gene-NCTC11427_00646,GTTTAGGTGAC,-18.032287989252918,1,TTTAGG,False
gene-NCTC11427_00647,GTAGAGCTTTT,-18.610756045407985,5,GCTTTT,False
gene-NCTC11427_00648,AAGGAGGATGC,-25.810862172178798,3,GAGGAT,False
gene-NCTC11427_00649,CTTTATGGAGG,-9.464192579909557,0,CTTTAT,True
gene-NCTC11427_00650,GATGGAGACGA,-26.38993965220702,0,GATGGA,False
gene-NCTC11427_00652,TTTTGGAGGTT,-18.388962933191646,1,TTTGGA,False
gene-NCTC11427_00653,GCTGAAGGAGT,-25.96209314190272,4,AAGGAG,False
gene-NCTC11427_00654,ACGAGAGGTGA,-26.502193646384256,3,AGAGGT,False
gene-NCTC11427_00656,AAGAGGTAAGT,-18.082826076546706,3,AGGTAA,False
gene-NCTC11427_00658,AAAGGAGACTT,-18.075270724902254,0,AAAGGA,False
gene-NCTC11427_00659,GAATTGAGGTT,-9.62421733599056,1,AATTGA,True
gene-NCTC11427_00660,ATTGAGGAGGA,-17.88415538175122,0,ATTGAG,False
gene-NCTC11427_00661,AAAGGAGGAGA,-18.075270724902254,0,AAAGGA,False
gene-NCTC11427_00662,GGATCAAAACA,-9.220007777378317,3,TCAAAA,True
gene-NCTC11427_00663,TCTAGGGAGGA,-26.248376087885234,0,TCTAGG,False
gene-NCTC11427_00664,AGATAGGAGAA,-18.01383320505975,0,AGATAG,False
gene-NCTC11427_00665,CAGGGTTTTTC,-10.39466794677567,4,GTTTTT,False
gene-NCTC11427_00666,ATTGAGGTAAA,-17.554879412000602,5,GGTAAA,False
gene-NCTC11427_00667,AAAGAAGGAAA,-9.207420661872845,0,AAAGAA,True
gene-NCTC11427_00668,AGTAGGAGAAG,-25.759568877791246,5,GAGAAG,False
gene-NCTC11427_00669,ACTAGGAGAAT,-17.111347423968606,5,GAGAAT,False
gene-NCTC11427_00670,GTAAGGAATGT,-17.346661510903072,3,AGGAAT,False
gene-NCTC11427_00671,AGAAAGGGAGT,-17.583050288967296,0,AGAAAG,False
gene-NCTC11427_00672,AGAAAGTTGAT,-9.832514379187776,2,AAAGTT,True
gene-NCTC11427_00673,AATAGCGAACT,-17.536274224169567,0,AATAGC,False
gene-NCTC11427_00674,CAATGGAGTAA,-17.84751198961224,5,GAGTAA,False
gene-NCTC11427_00675,AAGGGAGCGGA,-26.487103400660665,0,AAGGGA,False
gene-NCTC11427_00677,AGATCAGGAGA,-18.5388434638177,0,AGATCA,False
gene-NCTC11427_00678,GAATAGAGGAA,-9.193434419898106,1,AATAGA,True
gene-NCTC11427_00680,GAAAGAGGATT,-17.550260466144305,1,AAAGAG,False
gene-NCTC11427_00681,ATTTGAGGCAG,-10.140433808391428,0,ATTTGA,False
gene-NCTC11427_00682,GGAAAAGGAGT,-17.34773620203283,1,GAAAAG,False
gene-NCTC11427_00683,GAAAAGGGGGA,-17.34773620203283,0,GAAAAG,False
gene-NCTC11427_00684,CATAGGAGGTG,-18.59148719730312,1,ATAGGA,False
gene-NCTC11427_00686,ACGGAGGAAAA,-17.65204316045425,4,AGGAAA,False
gene-NCTC11427_00687,AGTTGGGGGTA,-26.699361711295204,0,AGTTGG,False
gene-NCTC11427_00688,TCAAAAGAGGA,-9.220007777378317,0,TCAAAA,True
gene-NCTC11427_00689,TTAAAGAGGAA,-9.346759483017463,0,TTAAAG,True
gene-NCTC11427_00690,AATCGGAGTGA,-26.23578897237976,0,AATCGG,False
gene-NCTC11427_00691,TTTTAGAGGTG,-9.595220842315962,0,TTTTAG,True
gene-NCTC11427_00692,ATAAGGGAGTA,-18.23481225336439,0,ATAAGG,False
gene-NCTC11427_00693,AGAAATGAGTT,-8.934828835144655,0,AGAAAT,True
gene-NCTC11427_00694,AATGGGCTTGG,-26.23578897237976,0,AATGGG,False
gene-NCTC11427_00695,GGAAAGGGCTG,-26.080040773066017,0,GGAAAG,False
gene-NCTC11427_00696,GTACAGGGAGT,-26.110225749404414,1,TACAGG,False
gene-NCTC11427_00697,AGAGGTATTAG,-9.079004369915095,5,TATTAG,True
gene-NCTC11427_00698,AAAAGGAGAGT,-17.718595780963522,0,AAAAGG,False
gene-NCTC11427_00699,GGAATAGGAAA,-17.536274224169567,2,AATAGG,False
gene-NCTC11427_00700,TCGAAAGAAGG,-9.207420661872845,3,AAAGAA,True
gene-NCTC11427_00701,TTAGGCCTTAT,-17.680280678541877,5,CCTTAT,False
gene-NCTC11427_00702,TGATAGGAGAA,-17.993630497742235,0,TGATAG,False
gene-NCTC11427_00703,AGAGAGGTTCT,-26.28256503717749,0,AGAGAG,False
gene-NCTC11427_00704,AGGTAGGTTAT,-17.680280678541877,5,GGTTAT,False
gene-NCTC11427_00705,AATGGAGGGAA,-17.8929491681083,0,AATGGA,False
gene-NCTC11427_00706,AAGAGAGGAGA,-17.787588652450474,0,AAGAGA,False
gene-NCTC11427_00707,AAAAGCTAAAA,-9.521112870162238,5,CTAAAA,True
gene-NCTC11427_00709,AAAGGAGAAAA,-9.240210484695837,5,AGAAAA,True
gene-NCTC11427_00710,TGGAGGAAATA,-9.935371764627483,5,GAAATA,True
gene-NCTC11427_00711,TGGAGTTAGAA,-9.703434426956193,5,TTAGAA,True
gene-NCTC11427_00712,AAAAGAGGAGA,-9.37575597669206,0,AAAAGA,True
gene-NCTC11427_00713,AAAGAGGTAAT,-17.249497762449423,5,GGTAAT,False
gene-NCTC11427_00714,TAAGGAGGAAA,-17.65204316045425,5,AGGAAA,False
gene-NCTC11427_00715,TATAAGGAGAA,-8.648221453822641,0,TATAAG,True
gene-NCTC11427_00716,TATTGGAGCAT,-17.9468544329445,0,TATTGG,False
gene-NCTC11427_00717,AAAGAGGAGAC,-17.550260466144305,0,AAAGAG,False
gene-NCTC11427_00718,TTGAAGGAGAA,-17.758592158775873,0,TTGAAG,False
gene-NCTC11427_00719,ATTGGGTAGAA,-18.220627618372433,5,GTAGAA,False
gene-NCTC11427_00720,AGTAGGAGGAG,-25.9418904345852,2,TAGGAG,False
gene-NCTC11427_00721,ATTGGAAGGTG,-18.115267102714608,1,TTGGAA,False
gene-NCTC11427_00722,ACAAAGGAGCA,-17.583050288967296,0,ACAAAG,False
gene-NCTC11427_00723,GAATAGGAGAA,-17.536274224169567,1,AATAGG,False
gene-NCTC11427_00724,AAGGAGGAGTT,-25.96209314190272,0,AAGGAG,False
gene-NCTC11427_00726,GTTAAGGAGAG,-17.681631117639746,0,GTTAAG,False
gene-NCTC11427_00727,TAAAAGGAGAT,-8.830543010616596,0,TAAAAG,True
gene-NCTC11427_00728,GATAAGGAGAA,-17.16541464523888,0,GATAAG,False
gene-NCTC11427_00730,AATGGAGGTGT,-17.8929491681083,0,AATGGA,False
gene-NCTC11427_00731,ATAAGGAGATA,-18.055068017584734,1,TAAGGA,False
gene-NCTC11427_00733,TAAAGGAGACA,-17.698393073646002,0,TAAAGG,False
gene-NCTC11427_00734,CTGAATTGTAA,-9.318835686439378,3,AATTGT,True
gene-NCTC11427_00735,TTGGTATCTTA,-9.629990115076302,4,TATCTT,True
gene-NCTC11427_00736,TACAAGGAGAA,-17.24237568637501,0,TACAAG,False
gene-NCTC11427_00737,CACAAGGAGAG,-25.759568877791246,0,CACAAG,False
gene-NCTC11427_00738,AGAATCGAGAA,-17.8929491681083,2,AATCGA,False
gene-NCTC11427_00740,CACTAAGAGGA,-17.400728732173345,1,ACTAAG,False
gene-NCTC11427_00741,ACAGAAGGAGG,-17.93972523290603,0,ACAGAA,False
gene-NCTC11427_00742,TCAAAGGAGGG,-17.56284758164978,0,TCAAAG,False
gene-NCTC11427_00743,AAGGAGGCGAT,-25.96209314190272,0,AAGGAG,False
gene-NCTC11427_00744,TTTAAGGAGTT,-9.164437926223508,0,TTTAAG,True
gene-NCTC11427_00745,ATCTAGAAAGA,-8.899535882103546,3,TAGAAA,True
gene-NCTC11427_00746,AGAAAGGAGCC,-17.583050288967296,0,AGAAAG,False
gene-NCTC11427_00747,AGAAGAGGAAG,-18.108060547725245,0,AGAAGA,False
gene-NCTC11427_00748,GATGGAGGTGG,-26.38993965220702,0,GATGGA,False
gene-NCTC11427_00749,AAAAGGAGGTA,-17.718595780963522,0,AAAAGG,False
gene-NCTC11427_00750,GGATGGAGGAA,-26.116243821729977,5,GAGGAA,False
gene-NCTC11427_00751,TGGGACTAGCT,-26.1903517938837,3,GACTAG,False
gene-NCTC11427_00752,GTAAAAGGAGT,-8.830543010616596,1,TAAAAG,True
gene-NCTC11427_00753,TTAGAGTGGTG,-17.462004295581774,1,TAGAGT,False
gene-NCTC11427_00754,TGGAAAGGAAA,-17.61925333763126,4,AAGGAA,False
gene-NCTC11427_00756,TAAGGAGAAAG,-17.416729073519786,4,GAGAAA,False
gene-NCTC11427_00757,AATGAGTGAAA,-17.367938909350354,0,AATGAG,False
gene-NCTC11427_00758,AGTCAAGTTTA,-9.97561522282845,4,AAGTTT,True
gene-NCTC11427_00759,ATGGAGGTATT,-17.777444426995526,4,AGGTAT,False
gene-NCTC11427_00760,AAGAATGGAGT,-8.614356939869884,0,AAGAAT,True
gene-NCTC11427_00761,AGAGTGAGGAA,-26.10024348038354,2,AGTGAG,False
gene-NCTC11427_00763,AAAGTGAGGTA,-18.218371568542928,1,AAGTGA,False
gene-NCTC11427_00764,TAAGAGGAAGA,-17.53005775882679,0,TAAGAG,False
gene-NCTC11427_00765,GAAAAAGGAGA,-8.850745717934116,1,AAAAAG,True
gene-NCTC11427_00766,AAGTGAGAAGA,-17.919522525588512,3,TGAGAA,False
gene-NCTC11427_00767,GACTAGGAGAT,-25.9418904345852,3,TAGGAG,False
gene-NCTC11427_00768,AGGAGTACTTA,-10.260794165062112,5,TACTTA,False
gene-NCTC11427_00769,TCAAAGGAGAG,-17.56284758164978,0,TCAAAG,False
gene-NCTC11427_00770,CAAGGAGGAGA,-25.96209314190272,1,AAGGAG,False
gene-NCTC11427_00771,AAGGAGCATAA,-18.16798388488701,5,GCATAA,False
gene-NCTC11427_00772,GGAGTCACAAA,-17.416729073519786,5,CACAAA,False
gene-NCTC11427_00773,TTGAAAGAGTA,-9.415752354504413,0,TTGAAA,True
gene-NCTC11427_00774,GCCGTTGAGGT,-26.381145865849938,3,GTTGAG,False
gene-NCTC11427_00775,TAAAAGGAGAA,-8.830543010616596,0,TAAAAG,True
gene-NCTC11427_00776,AATCTAGGAGA,-9.955574471945003,0,AATCTA,True
gene-NCTC11427_00777,AAAGTAGGTAA,-10.137896028738957,0,AAAGTA,False
gene-NCTC11427_00778,TAAAAGGAGAA,-8.830543010616596,0,TAAAAG,True
gene-NCTC11427_00780,AGAAGGAGGAT,-25.810862172178798,5,GAGGAT,False
gene-NCTC11427_00781,GAGGCTTTTAC,-9.595220842315962,5,TTTTAC,True
gene-NCTC11427_00783,GTAAGAGGAAG,-17.53005775882679,1,TAAGAG,False
gene-NCTC11427_00784,TGAGAAAGGAA,-17.416729073519786,1,GAGAAA,False
gene-NCTC11427_00785,AAAGAAGTGAG,-9.207420661872845,0,AAAGAA,True
gene-NCTC11427_00786,CAAATAGGAGA,-9.28152863402657,1,AAATAG,True
gene-NCTC11427_00787,GAGAAGGAAAA,-17.61925333763126,3,AAGGAA,False
gene-NCTC11427_00788,AAAGGAGAATT,-9.865304202010767,5,AGAATT,True
gene-NCTC11427_00789,AAGGGAGGATT,-18.27713687776918,5,AGGATT,False
gene-NCTC11427_00790,AGAAAGGAGTA,-17.583050288967296,0,AGAAAG,False
gene-NCTC11427_00791,GCTAGGAGAAG,-25.759568877791246,5,GAGAAG,False
gene-NCTC11427_00792,GAAAGTGGTGT,-17.5673648112396,0,GAAAGT,False
gene-NCTC11427_00793,GAATAGAGGTG,-9.193434419898106,1,AATAGA,True
gene-NCTC11427_00794,GAATAGGAGAA,-17.536274224169567,1,AATAGG,False
gene-NCTC11427_00795,TTTAAGAGGTG,-9.164437926223508,0,TTTAAG,True
gene-NCTC11427_00796,TTAAGAGGTAT,-9.871769741775408,0,TTAAGA,True
gene-NCTC11427_00797,AGAAAGGATGT,-17.31387168808008,3,AAGGAT,False
gene-NCTC11427_00798,GGGAGGAAATC,-17.431819319243377,4,GGAAAT,False
gene-NCTC11427_00799,AAGGAGGCAAA,-25.96209314190272,0,AAGGAG,False
gene-NCTC11427_00800,TTTAGGAGGTG,-18.032287989252918,0,TTTAGG,False
gene-NCTC11427_00801,GATAGGAGGAT,-18.59148719730312,1,ATAGGA,False
gene-NCTC11427_00802,GACTAGGAGGT,-25.9418904345852,3,TAGGAG,False
gene-NCTC11427_00803,AATTAGGAGGA,-9.099207077232615,0,AATTAG,True
gene-NCTC11427_00804,GGAGGAAAACA,-9.37575597669206,5,AAAACA,True
gene-NCTC11427_00805,GGATAAGTATA,-9.045139855962338,4,AAGTAT,True
gene-NCTC11427_00806,GAAATTGAGGA,-9.62421733599056,2,AATTGA,True
gene-NCTC11427_00807,TTAAACTATTT,-9.045139855962338,3,AACTAT,True
gene-NCTC11427_00808,AGAAAAGAGAA,-9.240210484695837,0,AGAAAA,True
gene-NCTC11427_00809,CAGTAGGAGTC,-25.9418904345852,3,TAGGAG,False
gene-NCTC11427_00810,ATAGAGGAGCA,-18.066476938545176,0,ATAGAG,False
gene-NCTC11427_00811,TTGAAAGGACT,-9.415752354504413,0,TTGAAA,True
gene-NCTC11427_00812,GTTTTAGAGGA,-9.595220842315962,1,TTTTAG,True
gene-NCTC11427_00813,AAATTGAGGTA,-9.62421733599056,1,AATTGA,True
gene-NCTC11427_00814,AGACTAGGAGT,-18.87020059977214,0,AGACTA,False
gene-NCTC11427_00815,AAACTGTAAAC,-9.037686220584364,4,TGTAAA,True
gene-NCTC11427_00816,TAAAGGAGAAT,-17.111347423968606,5,GAGAAT,False
gene-NCTC11427_00817,AGAAAGACTAA,-17.482207002899294,3,AAGACT,False
gene-NCTC11427_00818,AGATGGAGGTT,-26.38993965220702,1,GATGGA,False
gene-NCTC11427_00819,ATTATGGAGGT,-10.11511600040714,0,ATTATG,False
gene-NCTC11427_00820,ATAAAGGAGAT,-9.366962190334982,0,ATAAAG,True
gene-NCTC11427_00821,AGAAGGGAAAA,-17.737200968794557,5,GGAAAA,False
gene-NCTC11427_00822,TCGGAGGAAAT,-17.431819319243377,5,GGAAAT,False
gene-NCTC11427_00823,ACGGGAGGAAC,-25.99488296472571,5,AGGAAC,False
gene-NCTC11427_00824,TAGTTGGAGAA,-18.603633969333575,0,TAGTTG,False
gene-NCTC11427_00825,AAAGGAGTATA,-9.988364294767996,5,AGTATA,True
gene-NCTC11427_00826,AAAGGTAAGTT,-9.812311671870257,5,TAAGTT,True
gene-NCTC11427_00827,ACTAAGAGGTG,-17.400728732173345,0,ACTAAG,False
gene-NCTC11427_00828,TAAAAGAGGTA,-8.830543010616596,0,TAAAAG,True
gene-NCTC11427_00829,TAAAAGGAGGT,-8.830543010616596,0,TAAAAG,True
gene-NCTC11427_00830,AAGGAGAATTC,-9.865304202010767,4,AGAATT,True
gene-NCTC11427_00831,GAGAGGAGTTA,-18.77798735647835,5,GAGTTA,False
gene-NCTC11427_00832,TGAAAGGTGAA,-17.56284758164978,0,TGAAAG,False
gene-NCTC11427_00833,ATCGAGGTGAT,-25.949012510659614,5,GGTGAT,False
gene-NCTC11427_00834,AGAAAGAGATT,-17.550260466144305,2,AAAGAG,False
gene-NCTC11427_00835,GATAAAGGAAA,-8.822574840967418,0,GATAAA,True
gene-NCTC11427_00836,AGAGGAGTTAC,-17.8315116482658,5,AGTTAC,False
gene-NCTC11427_00837,AAGGAGAGTCA,-25.96209314190272,0,AAGGAG,False
gene-NCTC11427_00838,AGGAAAATGAC,-8.69951474821019,2,GAAAAT,True
gene-NCTC11427_00839,AGAAAGTGAGT,-17.5673648112396,1,GAAAGT,False
gene-NCTC11427_00840,AGTTAAGGAGT,-9.488671843994338,0,AGTTAA,True
gene-NCTC11427_00841,GAGGAGATGAT,-17.216707939626435,5,GATGAT,False
gene-NCTC11427_00842,GTTAAAGGAGT,-9.338791313368285,0,GTTAAA,True
gene-NCTC11427_00843,GTTAAGGAGAA,-17.681631117639746,0,GTTAAG,False
gene-NCTC11427_00844,ACATAGGAGAA,-18.01383320505975,0,ACATAG,False
gene-NCTC11427_00846,CAACTGGTTTG,-18.687717086544115,4,TGGTTT,False
gene-NCTC11427_00847,GAGAAAGAAGG,-9.207420661872845,3,AAAGAA,True
gene-NCTC11427_00848,CATAAGGATGA,-17.16541464523888,0,CATAAG,False
gene-NCTC11427_00849,TTAGGAAAGGA,-17.59905063031374,1,TAGGAA,False
gene-NCTC11427_00850,TGCTATACTAA,-8.867850063029405,3,TATACT,True
gene-NCTC11427_00854,CGAAAGAGGTT,-17.550260466144305,2,AAAGAG,False
gene-NCTC11427_00855,AGAGAGGTGTT,-26.28256503717749,0,AGAGAG,False
gene-NCTC11427_00856,ACAAAAGGAAA,-9.240210484695837,0,ACAAAA,True
gene-NCTC11427_00857,GTGGAGGAAGC,-25.99488296472571,4,AGGAAG,False
gene-NCTC11427_00859,GGAGAATGAAG,-9.02509910507889,4,AATGAA,True
gene-NCTC11427_00861,GGATGGTTGTA,-18.760563527347056,2,ATGGTT,False
gene-NCTC11427_00862,TTGAGGAGGAA,-26.116243821729977,5,GAGGAA,False
gene-NCTC11427_00863,TAAAGGAGAAG,-17.698393073646002,0,TAAAGG,False
gene-NCTC11427_00864,AGGACTAATAC,-8.752507278350702,3,ACTAAT,True
gene-NCTC11427_00865,TATTCAAAGTA,-9.415752354504413,2,TTCAAA,True
gene-NCTC11427_00866,AGGAGGGAATA,-18.667676335660666,5,GGAATA,False
gene-NCTC11427_00867,TAGAAAGTGAA,-8.899535882103546,0,TAGAAA,True
gene-NCTC11427_00868,AATAAGGAAGA,-8.66842416114016,0,AATAAG,True
gene-NCTC11427_00869,AAAGGAAGTAT,-9.045139855962338,5,AAGTAT,True
gene-NCTC11427_00870,TTGGGAGAATG,-17.111347423968606,4,GAGAAT,False
gene-NCTC11427_00871,AGGTTTAGAGT,-9.689448184981455,3,TTTAGA,True
gene-NCTC11427_00872,AAGGAGAATAA,-9.435679313853825,5,GAATAA,True
gene-NCTC11427_00873,GTGGAAAAGGG,-17.34773620203283,3,GAAAAG,False
gene-NCTC11427_00874,TGGGGGAGGAG,-34.45908362600144,5,GAGGAG,False
gene-NCTC11427_00875,GAAGGAGAGTG,-25.96209314190272,1,AAGGAG,False
gene-NCTC11427_00876,TGTAGGGAGAA,-26.248376087885234,0,TGTAGG,False
gene-NCTC11427_00877,CAAAGGAGACT,-18.075270724902254,1,AAAGGA,False
gene-NCTC11427_00878,TGGAGAAGTTT,-9.97561522282845,5,AAGTTT,True
gene-NCTC11427_00879,GGGAGGAGGAC,-34.45908362600144,2,GAGGAG,False
gene-NCTC11427_00880,TGGGATTCGAT,-17.809885453163428,5,TTCGAT,False
gene-NCTC11427_00881,AGGAGGAGTTA,-18.77798735647835,5,GAGTTA,False
gene-NCTC11427_00882,TGGTAGGAGTA,-25.9418904345852,3,TAGGAG,False
gene-NCTC11427_00883,ATTTGGAGGAA,-18.388962933191646,1,TTTGGA,False
gene-NCTC11427_00884,GTTTTGGTGGT,-18.083581283640466,2,TTTGGT,False
gene-NCTC11427_00885,TACGAAGGAGT,-17.59905063031374,0,TACGAA,False
gene-NCTC11427_00886,TGGAGAAGTTT,-9.97561522282845,5,AAGTTT,True
gene-NCTC11427_00887,GAGGCCTTAAC,-17.681631117639746,5,CTTAAC,False
gene-NCTC11427_00888,CTTGTTGGTCT,-18.663399778893407,0,CTTGTT,False
gene-NCTC11427_00889,AGGAGTTTTTG,-10.113765561309268,3,AGTTTT,False
gene-NCTC11427_00890,CACAGGAGGCA,-26.807575295935436,1,ACAGGA,False
gene-NCTC11427_00891,AAAAGAGGTAT,-9.37575597669206,0,AAAAGA,True
gene-NCTC11427_00892,TAGGGAGTAGG,-26.1903517938837,4,GAGTAG,False
gene-NCTC11427_00893,TGTGAGGTTTA,-18.707919793861635,4,AGGTTT,False
gene-NCTC11427_00894,CACGGAGGAAG,-25.99488296472571,5,AGGAAG,False
gene-NCTC11427_00895,AGGGAGAAAAG,-9.240210484695837,4,AGAAAA,True
gene-NCTC11427_00896,AGGAATTGAAA,-9.415752354504413,5,TTGAAA,True
gene-NCTC11427_00897,GGATTTGATGA,-9.215731220611058,3,TTTGAT,True
gene-NCTC11427_00898,CACGGAGGAAG,-25.99488296472571,5,AGGAAG,False
gene-NCTC11427_00899,AAGAAAGGACT,-8.919738589421065,0,AAGAAA,True
gene-NCTC11427_00902,GGTTCAGCTGG,-26.381145865849938,1,GTTCAG,False
gene-NCTC11427_00903,AAGGAGATGGG,-25.96209314190272,0,AAGGAG,False
gene-NCTC11427_00904,TGGAGAAGTAT,-9.045139855962338,5,AAGTAT,True
gene-NCTC11427_00905,ATCGGAGCTGT,-26.64529449002493,5,AGCTGT,False
gene-NCTC11427_00907,GTAGGAGTTCT,-18.051140257472564,5,AGTTCT,False
gene-NCTC11427_00909,ACGAAGGTGAG,-25.99488296472571,0,ACGAAG,False
gene-NCTC11427_00910,AGGACAAGGCA,-25.759568877791246,2,GACAAG,False
gene-NCTC11427_00911,AGGAAGGAAAT,-17.431819319243377,5,GGAAAT,False
gene-NCTC11427_00912,CAAGCTGTCAA,-17.737200968794557,5,TGTCAA,False
gene-NCTC11427_00913,TGGGAGGAGAT,-26.13133406745357,5,GGAGAT,False
gene-NCTC11427_00914,GGGAAGGTATT,-17.777444426995526,4,AGGTAT,False
gene-NCTC11427_00915,GCAGCTGTAGG,-26.248376087885234,5,TGTAGG,False
gene-NCTC11427_00917,GCAGGAGTCCT,-26.214511573932477,2,AGGAGT,False
gene-NCTC11427_00918,TAAGGAGGTAA,-18.055068017584734,0,TAAGGA,False
gene-NCTC11427_00919,GTAAGGAGGAA,-18.055068017584734,1,TAAGGA,False
gene-NCTC11427_00920,AGAAAGGTGGC,-17.583050288967296,0,AGAAAG,False
gene-NCTC11427_00921,TTTTTGGAGAT,-10.525696209182074,0,TTTTTG,False
gene-NCTC11427_00923,TAGAAAAGGAG,-8.899535882103546,0,TAGAAA,True
gene-NCTC11427_00924,GACTAACTTGA,-9.812311671870257,3,TAACTT,True
gene-NCTC11427_00926,AAAGGAGTATT,-9.682982645216814,5,AGTATT,True
gene-NCTC11427_00927,ACGATTGGAGG,-18.27713687776918,0,ACGATT,False
gene-NCTC11427_00928,CTAGGAGACAG,-25.9418904345852,1,TAGGAG,False
gene-NCTC11427_00929,AGGAGGATTAA,-9.253357757059872,5,GATTAA,True
gene-NCTC11427_00931,TGGAGGATTAA,-9.253357757059872,5,GATTAA,True
gene-NCTC11427_00932,GTAAAGGAGTA,-17.698393073646002,1,TAAAGG,False
gene-NCTC11427_00933,AGAAAGGAGAA,-17.583050288967296,0,AGAAAG,False
gene-NCTC11427_00934,AGAGGAAGGAA,-17.61925333763126,5,AAGGAA,False
gene-NCTC11427_00935,GCAAATGGTGG,-17.431819319243377,0,GCAAAT,False
gene-NCTC11427_00936,TAAAGGGAGAT,-17.698393073646002,0,TAAAGG,False
gene-NCTC11427_00937,GAATAGGAGAA,-17.536274224169567,1,AATAGG,False
gene-NCTC11427_00938,AGAAAGAGGTT,-17.550260466144305,2,AAAGAG,False
gene-NCTC11427_00939,GAAAGGACGAG,-18.075270724902254,1,AAAGGA,False
gene-NCTC11427_00940,AAAAGGAGATA,-17.718595780963522,0,AAAAGG,False
gene-NCTC11427_00941,AATAGGAGAAA,-17.416729073519786,5,GAGAAA,False
gene-NCTC11427_00942,CAAAAGGAGAA,-17.34773620203283,0,CAAAAG,False
gene-NCTC11427_00943,AGAAAAGGAAG,-9.240210484695837,0,AGAAAA,True
gene-NCTC11427_00945,AGTTGGAGGAT,-25.810862172178798,5,GAGGAT,False
gene-NCTC11427_00946,GCAAACGAGGC,-18.075270724902254,2,AAACGA,False
gene-NCTC11427_00947,AGAGGAGTTGA,-18.356521907023744,5,AGTTGA,False
gene-NCTC11427_00948,TAGAAAGGAGA,-8.899535882103546,0,TAGAAA,True
gene-NCTC11427_00949,CGTGGAGGTAG,-26.425665880818165,5,AGGTAG,False
gene-NCTC11427_00950,AAGGGGAAAAA,-9.004896397761371,5,GAAAAA,True
gene-NCTC11427_00951,CATTGGACGAC,-18.40916564050917,1,ATTGGA,False
gene-NCTC11427_00952,TAAGAGGAAAT,-17.431819319243377,5,GGAAAT,False
gene-NCTC11427_00953,TTGAAAGGATT,-9.415752354504413,0,TTGAAA,True
gene-NCTC11427_00954,AGGAGAAAAGC,-9.240210484695837,3,AGAAAA,True
gene-NCTC11427_00955,AAGAGGGGAAC,-26.130428456721933,0,AAGAGG,False
gene-NCTC11427_00956,AAAGAGGAAAT,-17.431819319243377,5,GGAAAT,False
gene-NCTC11427_00957,AACAGGAGAAC,-25.759568877791246,5,GAGAAC,False
gene-NCTC11427_00958,AGGAGAACAAC,-17.262578393692525,5,AACAAC,False
gene-NCTC11427_00959,AGAAGGGGAGC,-26.450900351996705,0,AGAAGG,False
gene-NCTC11427_00960,AGGAGAACAAC,-17.262578393692525,5,AACAAC,False
gene-NCTC11427_00961,AACAGGAGAAC,-25.759568877791246,5,GAGAAC,False
gene-NCTC11427_00962,CAGATATTCCA,-9.36561175123711,1,AGATAT,True
gene-NCTC11427_00963,AGGAGGAAATC,-17.431819319243377,4,GGAAAT,False
gene-NCTC11427_00964,CACAGGAGAAC,-25.759568877791246,5,GAGAAC,False
gene-NCTC11427_00965,CAAGGAGTTCA,-18.356521907023744,5,AGTTCA,False
gene-NCTC11427_00966,AACTAAGGAGA,-9.35052150551352,0,AACTAA,True
gene-NCTC11427_00967,TTATGGAGAAA,-17.416729073519786,5,GAGAAA,False
gene-NCTC11427_00968,TGCTTTAGATA,-9.398052777405011,4,TTAGAT,True
gene-NCTC11427_00969,AAGGAGTTATT,-9.183290194443156,4,AGTTAT,True
gene-NCTC11427_00971,TAAAGGAAGTA,-17.61925333763126,2,AAGGAA,False
gene-NCTC11427_00972,AGAATTGGAGA,-9.865304202010767,0,AGAATT,True
gene-NCTC11427_00973,GAGAAAGAGAT,-17.416729073519786,0,GAGAAA,False
gene-NCTC11427_00974,TAGAAAGGCAA,-8.899535882103546,0,TAGAAA,True
gene-NCTC11427_00975,GAATAGAGAGC,-9.193434419898106,1,AATAGA,True
gene-NCTC11427_00976,TAAAGGAGAAA,-17.416729073519786,5,GAGAAA,False
gene-NCTC11427_00977,AGATAAGGAGA,-9.67099340078829,0,AGATAA,True
gene-NCTC11427_00978,ATGAAGGAGTT,-17.778794866093396,0,ATGAAG,False
gene-NCTC11427_00979,AAGGAAAACTT,-9.070374327140879,4,AAAACT,True
gene-NCTC11427_00981,TTTGAAAGGTC,-9.415752354504413,1,TTGAAA,True
gene-NCTC11427_00982,AGTAGGAGAAT,-17.111347423968606,5,GAGAAT,False
gene-NCTC11427_00983,TAGGATGATAG,-10.366430428688044,4,ATGATA,False
gene-NCTC11427_00984,GAAGGGAGAAA,-17.416729073519786,5,GAGAAA,False
gene-NCTC11427_00985,AGGAGGCAGAG,-34.6943977129359,3,AGGCAG,False
gene-NCTC11427_00986,GAAAAGAAGAA,-9.207420661872845,2,AAAGAA,True
gene-NCTC11427_00987,TATTAGGAAGA,-9.079004369915095,0,TATTAG,True
gene-NCTC11427_00988,AAAGGAGAGTA,-18.075270724902254,0,AAAGGA,False
gene-NCTC11427_00989,TGATATACTGT,-8.867850063029405,3,TATACT,True
gene-NCTC11427_00990,GAATGAGAGGG,-17.367938909350354,1,AATGAG,False
gene-NCTC11427_00991,TAGAAAGGAAA,-8.899535882103546,0,TAGAAA,True
gene-NCTC11427_00992,AGAGGACATTT,-10.296087118103221,5,ACATTT,False
gene-NCTC11427_00993,TGGGGGTAGCA,-27.088477681401837,5,GTAGCA,False
gene-NCTC11427_00994,ATAAAGGAGTA,-9.366962190334982,0,ATAAAG,True
gene-NCTC11427_00995,AAGAAAGGGGA,-8.919738589421065,0,AAGAAA,True
gene-NCTC11427_00996,CAGGAGGAAGA,-25.99488296472571,4,AGGAAG,False
gene-NCTC11427_00997,GAATTAGGAAA,-9.099207077232615,1,AATTAG,True
gene-NCTC11427_00998,ATTATGAATGA,-9.004896397761371,2,TATGAA,True
gene-NCTC11427_00999,AGAGGAGCTTT,-18.707919793861635,5,AGCTTT,False
gene-NCTC11427_01000,GATGCTCGTTA,-18.993098736095295,5,TCGTTA,False
gene-NCTC11427_01001,GAGCAGGTGTA,-26.64529449002493,4,AGGTGT,False
gene-NCTC11427_01003,AAAGGAGAATC,-17.111347423968606,4,GAGAAT,False
gene-NCTC11427_01004,CAAAGGAGACA,-18.075270724902254,1,AAAGGA,False
gene-NCTC11427_01005,AAGCGAGGTAA,-18.082826076546706,5,AGGTAA,False
gene-NCTC11427_01006,AAGGGAGATGG,-26.13133406745357,3,GGAGAT,False
gene-NCTC11427_01007,GAGAAAGGTTG,-17.416729073519786,0,GAGAAA,False
gene-NCTC11427_01008,AAATAGAAGAC,-9.193434419898106,1,AATAGA,True
gene-NCTC11427_01009,ACTATATGAGA,-9.578696820688752,2,TATATG,True
gene-NCTC11427_01010,AGAAAAGGTGA,-9.240210484695837,0,AGAAAA,True
gene-NCTC11427_01011,TGTTATACTAG,-8.867850063029405,3,TATACT,True
gene-NCTC11427_01012,TAAAGGAGAAA,-17.416729073519786,5,GAGAAA,False
gene-NCTC11427_01013,CGGCGAGGTGG,-34.999184130482966,3,CGAGGT,False
gene-NCTC11427_01014,ATAGTGACGAT,-18.198168861225408,1,TAGTGA,False
gene-NCTC11427_01015,TACAAGGGAGA,-17.24237568637501,0,TACAAG,False
gene-NCTC11427_01016,GAAAAGGTTGA,-17.34773620203283,0,GAAAAG,False
gene-NCTC11427_01017,AGAGGACGGTC,-26.807575295935436,0,AGAGGA,False
gene-NCTC11427_01019,TTGGAGATTAA,-9.253357757059872,5,GATTAA,True
gene-NCTC11427_01021,AAAGGTTGTGA,-17.769889075351074,0,AAAGGT,False
gene-NCTC11427_01022,AAAGCGAAAGC,-26.080040773066017,4,CGAAAG,False
gene-NCTC11427_01023,GTGAGGAGGAT,-25.810862172178798,5,GAGGAT,False
gene-NCTC11427_01024,AGTAAGGAAGA,-17.400728732173345,0,AGTAAG,False
gene-NCTC11427_01025,TTAGAGGAGTT,-18.046274231227653,0,TTAGAG,False
gene-NCTC11427_01026,GTGTACAATAG,-8.594154232552365,3,TACAAT,True
gene-NCTC11427_01027,ATAGAAAGGAA,-8.899535882103546,1,TAGAAA,True
gene-NCTC11427_01028,TAAAGGAAACC,-17.61925333763126,2,AAGGAA,False
gene-NCTC11427_01029,TGAGGAGAAAA,-9.240210484695837,5,AGAAAA,True
gene-NCTC11427_01030,TAAATGGAGGT,-9.761018377482706,0,TAAATG,True
gene-NCTC11427_01031,CTAAAAGGAAA,-8.830543010616596,1,TAAAAG,True
gene-NCTC11427_01032,AAAGCGAGTAA,-17.84751198961224,5,GAGTAA,False
gene-NCTC11427_01033,AAAAGAGGAAT,-9.37575597669206,0,AAAAGA,True
gene-NCTC11427_01034,AAGAAGGAGGC,-17.262578393692525,0,AAGAAG,False
gene-NCTC11427_01035,AAGGAGTAGAT,-17.915245968821253,5,GTAGAT,False
gene-NCTC11427_01036,TAGAGGGAAGT,-26.110225749404414,0,TAGAGG,False
gene-NCTC11427_01037,GAAGGAGAAAA,-9.240210484695837,5,AGAAAA,True
gene-NCTC11427_01038,GCAGATGAGGC,-18.5388434638177,2,AGATGA,False
gene-NCTC11427_01039,AAAAGGAGACT,-17.718595780963522,0,AAAAGG,False
gene-NCTC11427_01040,AAAGAGGATTC,-17.550260466144305,0,AAAGAG,False
gene-NCTC11427_01042,AAGGAGAATTA,-9.865304202010767,4,AGAATT,True
gene-NCTC11427_01043,TATGGAGGGTT,-17.87274646079078,0,TATGGA,False
gene-NCTC11427_01044,AGAATGAAGGA,-9.02509910507889,2,AATGAA,True
gene-NCTC11427_01045,AGAAAGGAGAT,-17.583050288967296,0,AGAAAG,False
gene-NCTC11427_01046,GCGAGGTGAAT,-17.627563896369473,5,GTGAAT,False
gene-NCTC11427_01047,AAGAAGGAGAA,-17.262578393692525,0,AAGAAG,False
gene-NCTC11427_01048,TTTTTGAGGTA,-10.120231101073909,1,TTTTGA,False
gene-NCTC11427_01049,ATTAGGGAGAT,-18.052490696570434,0,ATTAGG,False
gene-NCTC11427_01050,AGTTAGGATTT,-17.29366898076256,3,TAGGAT,False
gene-NCTC11427_01051,AAAGAGGAAAC,-17.550260466144305,0,AAAGAG,False
gene-NCTC11427_01052,CGCTCTTAGCT,-17.81130894094828,3,TCTTAG,False
gene-NCTC11427_01054,AAAAGAGGTAG,-9.37575597669206,0,AAAAGA,True
gene-NCTC11427_01055,GAGAAGAAAAA,-8.919738589421065,3,AAGAAA,True
gene-NCTC11427_01056,GTTTGGAGTGT,-18.388962933191646,1,TTTGGA,False
gene-NCTC11427_01057,CGACTGAGGTT,-26.10024348038354,2,ACTGAG,False
gene-NCTC11427_01058,AGACGAGGCTT,-26.807575295935436,0,AGACGA,False
gene-NCTC11427_01060,GAAAGGGCTGG,-26.21558626506224,0,GAAAGG,False
gene-NCTC11427_01061,TAGAAAGAGGT,-8.899535882103546,0,TAGAAA,True
gene-NCTC11427_01063,AAACGAGACAT,-17.634343583354852,5,AGACAT,False
gene-NCTC11427_01064,ATACTGGTGAT,-18.996952305411288,0,ATACTG,False
gene-NCTC11427_01065,TAAAGGAGTAT,-17.54213034006106,5,GAGTAT,False
gene-NCTC11427_01066,AAAGGAAATAG,-9.28152863402657,5,AAATAG,True
gene-NCTC11427_01067,CAGTAAGGAGA,-17.400728732173345,1,AGTAAG,False
gene-NCTC11427_01068,ATTTGGAGGTA,-18.388962933191646,1,TTTGGA,False
gene-NCTC11427_01069,CATCATTGAAA,-9.415752354504413,5,TTGAAA,True
gene-NCTC11427_01070,GTAAAGGAGAA,-17.698393073646002,1,TAAAGG,False
gene-NCTC11427_01071,AAAAGGGGAAA,-17.718595780963522,0,AAAAGG,False
gene-NCTC11427_01072,TAGCAGTTTTC,-10.113765561309268,4,AGTTTT,False
gene-NCTC11427_01073,ATCAAGGAGAA,-17.778794866093396,0,ATCAAG,False
gene-NCTC11427_01074,TATCTAGGAGA,-9.935371764627483,0,TATCTA,True
gene-NCTC11427_01075,AAAAGGTGTGA,-17.718595780963522,0,AAAAGG,False
gene-NCTC11427_01076,GAAATGGAGTT,-17.8929491681083,2,AATGGA,False
gene-NCTC11427_01077,TGGAAAGGTGG,-17.631840453136732,0,TGGAAA,False
gene-NCTC11427_01078,GAAAGGAAGAG,-17.61925333763126,2,AAGGAA,False
gene-NCTC11427_01079,ACGAGGATGAA,-17.522089589177614,5,GATGAA,False
gene-NCTC11427_01080,AAATGGTAGGT,-17.58756751855712,1,AATGGT,False
gene-NCTC11427_01081,ATAGAGAATTT,-9.865304202010767,4,AGAATT,True
gene-NCTC11427_01082,AAAGTTTGAGA,-9.832514379187776,0,AAAGTT,True
gene-NCTC11427_01083,AGAAAGTGATT,-17.4520220265609,4,AGTGAT,False
gene-NCTC11427_01084,AATTAGAGGTT,-9.099207077232615,0,AATTAG,True
gene-NCTC11427_01085,GAATAGTAGGT,-8.888052770346924,1,AATAGT,True
gene-NCTC11427_01086,AAAACGGAGGA,-17.718595780963522,0,AAAACG,False
gene-NCTC11427_01088,AGAAAGAGGAA,-17.550260466144305,2,AAAGAG,False
gene-NCTC11427_01089,TTTGGAGGTCG,-18.388962933191646,0,TTTGGA,False
gene-NCTC11427_01090,GTTTAGGAGTT,-18.032287989252918,1,TTTAGG,False
gene-NCTC11427_01091,AGAAGGTGAAG,-26.254394160210794,4,GGTGAA,False
gene-NCTC11427_01092,ATGAGGCATTT,-18.79307760220194,5,GCATTT,False
gene-NCTC11427_01093,GGAGATGTTTA,-10.39894450354293,5,TGTTTA,False
gene-NCTC11427_01094,GGAGGATTTGT,-9.835052158840247,5,ATTTGT,True
gene-NCTC11427_01095,TAGAAAGATTG,-8.899535882103546,0,TAGAAA,True
gene-NCTC11427_01096,AAGTGAGGAAC,-18.218371568542928,0,AAGTGA,False
gene-NCTC11427_01097,GGCTGGTTGAC,-26.381145865849938,5,GTTGAC,False
gene-NCTC11427_01098,TAGTGGAGATG,-26.13133406745357,4,GGAGAT,False
gene-NCTC11427_01100,GAAAGAAAGGA,-8.919738589421065,2,AAGAAA,True
gene-NCTC11427_01101,CAAAGGAGTTT,-18.075270724902254,1,AAAGGA,False
gene-NCTC11427_01102,GCTAAGGGGAA,-25.897719216272062,0,GCTAAG,False
gene-NCTC11427_01103,TTTTAGGAGAA,-9.595220842315962,0,TTTTAG,True
gene-NCTC11427_01104,AAGAAAGGAAC,-8.919738589421065,0,AAGAAA,True
gene-NCTC11427_01105,TGAGGAGAAAG,-17.416729073519786,4,GAGAAA,False
gene-NCTC11427_01107,TGGAGGATTTT,-9.878451474374803,5,GATTTT,True
gene-NCTC11427_01108,CTCTCCATTCA,-18.12120782008928,5,CATTCA,False
gene-NCTC11427_01109,GTTCTCGTTAA,-17.985662328093056,5,CGTTAA,False
gene-NCTC11427_01110,GAAAAGAGGTA,-9.37575597669206,1,AAAAGA,True
gene-NCTC11427_01111,ATAAAGGAGAA,-9.366962190334982,0,ATAAAG,True
gene-NCTC11427_01112,TCCCTGGAGGA,-34.8425303204376,4,TGGAGG,False
gene-NCTC11427_01113,AGGAGCTAGAC,-26.422729475030007,4,GCTAGA,False
gene-NCTC11427_01114,ATTGGAGGTGC,-18.40916564050917,0,ATTGGA,False
gene-NCTC11427_01115,TAAGGGGCATG,-26.397907821856194,0,TAAGGG,False
gene-NCTC11427_01116,AATAGGAGGTT,-17.536274224169567,0,AATAGG,False
